Date,Mkt-RF,SMB,HML,RF
2020-01-01,0.003956604957053176,-0.0011862506582306846,0.0025072629496979515,2e-05
2020-01-02,-0.012179809274885947,-0.008551872413840079,0.01036947267828334,2e-05
2020-01-03,0.009305414349677486,-0.002999064452964997,0.006862291220001064,2e-05
2020-01-06,0.011586776596694567,0.00558774432392108,-0.009429925995730322,2e-05
2020-01-07,-0.023112422263846036,-0.008110005785306705,0.007155379690348919,2e-05
2020-01-08,-0.015326154082347816,-0.001037333069235671,0.004732002085073236,2e-05
2020-01-09,0.0018340848380074245,-0.004818523572625064,-0.007676499727643789,2e-05
2020-01-10,-0.0034949111081229865,0.000768102576388668,-0.0014660080835524876,2e-05
2020-01-13,9.838610994853444e-05,-0.002231799086400909,0.005527612057479048,2e-05
2020-01-14,-0.009936527130882961,0.008964361989848013,0.002802167554673927,2e-05
2020-01-15,0.010852775698353943,0.0031394989251415225,-0.006495475261939929,2e-05
2020-01-16,0.00963350322514738,-0.007770818994663268,0.0031037107789809713,2e-05
2020-01-17,0.0010923683707345926,0.004127368069682192,-0.01063750298040294,2e-05
2020-01-20,0.013826894483616394,-0.004547911137572378,-0.001064110878786057,2e-05
2020-01-21,0.0059101121070245476,-0.0033619782282652017,0.005739783847000243,2e-05
2020-01-22,-0.01001150955459886,0.0019829141206427307,0.00014197107785659917,2e-05
2020-01-23,0.0047250094089899865,-0.0028504845183808087,-0.0024446877498097296,2e-05
2020-01-24,-0.011206591209947988,0.005457134897937732,0.004496731268861746,2e-05
2020-01-27,0.01084140361568727,-0.0045470603690803725,0.004923759075432907,2e-05
2020-01-28,-0.00029911093183503475,-0.0036136793155481794,0.006600198464334751,2e-05
2020-01-29,-0.0019183483625431269,-0.0038382253612886537,0.004421712142231937,2e-05
2020-01-30,-0.007871154532847298,-0.0032938324901302337,0.005456873969685733,2e-05
2020-01-31,0.014970496064088363,0.006695149333286877,0.003714542787187673,2e-05
2020-02-03,-0.001554353784825626,0.0038727777616618187,0.0013776432455823596,2e-05
2020-02-04,-0.004839933865957287,0.010359663724072427,0.0004975449988190705,2e-05
2020-02-05,-0.003925602605858755,0.013705865223395527,-0.0011362985954870102,2e-05
2020-02-06,0.006687710226640184,-0.006084302191594038,-0.006011841465298629,2e-05
2020-02-07,0.00468532877236894,0.0005225147639637334,-0.004726557544099044,2e-05
2020-02-10,0.005252791339151861,-0.006957201899860597,-0.0013600724096760484,2e-05
2020-02-11,0.0054698520360945925,-0.004565635566489603,0.0012572607980121464,2e-05
2020-02-12,0.025999771210445537,-0.003680495061534017,0.007254062990021316,2e-05
2020-02-13,-0.004576980196615387,-0.006242929244829646,-0.00015898613937756264,2e-05
2020-02-14,-0.0058469127488584485,-0.006211323637390482,0.00506738145438832,2e-05
2020-02-17,-0.009465272738974533,-0.0007657062711215291,0.005446578282160604,2e-05
2020-02-18,0.007691753070905948,-0.007200310510318442,-0.0011072339884439552,2e-05
2020-02-19,0.013847667512650699,0.005152761754825797,0.0030234510568509193,2e-05
2020-02-20,-0.001067369491858501,-0.005406521224505085,-0.0011676402086243077,2e-05
2020-02-21,-0.009781877723550337,0.016957413820578353,0.006660679470392384,2e-05
2020-02-24,-0.009593774588294876,-0.002608306705786371,0.003229216691329661,2e-05
2020-02-25,0.008107113453896414,0.0005321058515023134,-0.005902418773441777,2e-05
2020-02-26,0.009219050054441307,-0.007672047106796211,0.0008576232607692337,2e-05
2020-02-27,0.00681785121966234,0.010336550548765836,0.008290560809119399,2e-05
2020-02-28,-0.007686116487464333,0.006817004084817497,-0.0008561551727335058,2e-05
2020-03-02,0.003085935876800637,0.0018814952244166753,0.0022885751504753407,2e-05
2020-03-03,0.0017002297096887387,-0.007980815292677395,0.0027793941886957263,2e-05
2020-03-04,0.0029242631607481555,0.0013640012663477218,-0.005133114495823003,2e-05
2020-03-05,0.010757145335378278,-0.0066285862761035295,0.00260353974606757,2e-05
2020-03-06,0.0029831465852961873,0.008874131580840165,-0.006919175760173129,2e-05
2020-03-09,0.008446962756862738,0.004955168391119037,-0.0030781205320069803,2e-05
2020-03-10,0.0011109488338666975,0.0006726342309264167,0.00542861483747096,2e-05
2020-03-11,0.00376943278427981,-0.014518253979483935,0.00183378145154179,2e-05
2020-03-12,0.007875458710062485,-0.0058004958719541835,-0.001472389038732635,2e-05
2020-03-13,-0.017185869838267996,0.004226566789599235,0.0022823051062259374,2e-05
2020-03-16,-0.0035360545962876164,0.007377302150338935,-0.00025046123877565723,2e-05
2020-03-17,-0.005344471851513546,0.00675501886895279,0.00011289251175916626,2e-05
2020-03-18,-0.007366534178920104,-0.009452078013448733,0.0033340926336006883,2e-05
2020-03-19,-0.003001707014720205,0.0019093138408774245,-0.0035868387032956593,2e-05
2020-03-20,0.01823929573481275,0.006193091298897577,0.0002516820277734535,2e-05
2020-03-23,-0.010089973388318919,-0.009850013393493472,-0.0015113409730332645,2e-05
2020-03-24,0.01191934025509777,5.2572907760581924e-05,-0.007878016873001279,2e-05
2020-03-25,-0.019894437259389657,0.0017430543898507376,-0.004552278781246499,2e-05
2020-03-26,-0.003718620359829298,-0.0017045875090804094,0.007891032235319161,2e-05
2020-03-27,0.002253036781260067,-0.01101297113240721,0.0019736165729261706,2e-05
2020-03-30,0.007334667976311338,-0.0018541886604423721,-0.006567941507006946,2e-05
2020-03-31,0.008834718957514259,-0.0018638325815301439,-0.007651771879242053,2e-05
2020-04-01,0.009820166822399104,-0.0007884344272865251,-0.0005108195005529197,2e-05
2020-04-02,-0.003884700866981251,-0.0032808285525504177,0.007855932665882411,2e-05
2020-04-03,-0.005248221511974806,-0.002558072919448804,-0.0008837906740217632,2e-05
2020-04-06,0.010595710575085847,-0.00013823769408186738,0.00658499776702008,2e-05
2020-04-07,-0.0019956518985793786,0.0027547276298182668,0.001809653854093287,2e-05
2020-04-08,-0.015008235880055064,-0.0017265605771400031,0.0024062522892294683,2e-05
2020-04-09,-0.013299446568041768,-0.0023578935702080117,-0.006628602546522848,2e-05
2020-04-10,-0.010733427432019335,0.0006541242295267485,0.004737614608748788,2e-05
2020-04-13,0.006265928928645168,-0.01142549555537109,-0.0016246601863680362,2e-05
2020-04-14,0.002009108832846783,0.0029622107633587485,0.004365462268054541,2e-05
2020-04-15,0.008585824248813219,9.662141726224716e-05,-0.004020849909930566,2e-05
2020-04-16,-0.004827031756038411,0.000338161159585371,0.0009352467375495625,2e-05
2020-04-17,0.0022024762929205707,0.005864405845566785,0.0018100147696881574,2e-05
2020-04-20,0.007807084727608041,-0.01161689318028949,-0.0007201665828793326,2e-05
2020-04-21,-0.003412158476642861,-0.011743003219153784,0.0020727259654307836,2e-05
2020-04-22,0.005781302850688937,0.0017428230719411172,-0.001281985375962544,2e-05
2020-04-23,-0.007643111292799815,5.7298869228905365e-05,-0.003195298765206397,2e-05
2020-04-24,-0.004056646158780861,0.0011210616591515934,0.008077416913969822,2e-05
2020-04-27,-0.0042808547279799495,-0.0026727624510346736,0.0052947643318072115,2e-05
2020-04-28,-0.014050075747068477,0.004086122045439587,-0.003754323725240884,2e-05
2020-04-29,0.006143669769426981,0.00569583305794672,0.0028922215279730645,2e-05
2020-04-30,-0.005332828082432687,0.003003893763709162,-0.003663394273505765,2e-05
2020-05-01,0.0004499294247322491,-0.0014649707504274987,-0.005873423218311621,2e-05
2020-05-04,0.006068959906870908,-0.012546136325686418,0.005219047206994881,2e-05
2020-05-05,0.005658374112359329,0.004715417248222769,-0.008470498128237029,2e-05
2020-05-06,0.008284621307673434,0.007430371997305557,0.004684279567882706,2e-05
2020-05-07,-0.0008818258141130835,0.00396735047190388,-0.0012136115628652926,2e-05
2020-05-08,-0.004779579744529845,-0.005177854564205039,-0.0010077330154026434,2e-05
2020-05-11,-0.0006566185308767886,0.004142766362006547,0.002098756098116449,2e-05
2020-05-12,-0.019948013207496357,0.005263178247768673,0.0029559940599712623,2e-05
2020-05-13,-0.017065349669077044,0.009452897486794514,-0.004081715884144542,2e-05
2020-05-14,-0.01557239534825283,-0.005156659545367746,0.0036386280437503173,2e-05
2020-05-15,-0.011666961931217782,-0.001258727507264831,0.000616852690126117,2e-05
2020-05-18,0.0050972907206812395,0.004583632306860731,-0.006230273964340191,2e-05
2020-05-19,-0.01056574866432073,0.0004444604286289467,-0.0007993724178986959,2e-05
2020-05-20,-0.0042379506484726765,-0.006603965612307649,0.006956395077794629,2e-05
2020-05-21,0.015890739573432785,0.002587697710160218,0.008432973991228483,2e-05
2020-05-22,-0.003975167652737112,0.0035719698028909997,0.0036367422880433866,2e-05
2020-05-25,0.009150186821605039,0.000627777377986012,-0.005901717440841851,2e-05
2020-05-26,-0.010903412160118524,0.001417509563079665,0.0025030345122794414,2e-05
2020-05-27,-0.0021652506944115604,-0.001452235410114381,0.004304304519295964,2e-05
2020-05-28,-0.011100264658926976,0.008969673614296356,0.0036785399165936107,2e-05
2020-05-29,-0.0037683969108067497,-0.005304153102276059,0.003974771443439591,2e-05
2020-06-01,0.010383697649488747,-0.0034239245765826736,0.0018663153962376541,2e-05
2020-06-02,-0.020427845078308183,0.00016591308116515374,-0.00031206169415271847,2e-05
2020-06-03,0.005513083722550288,0.005373724166205356,-0.002991837479520092,2e-05
2020-06-04,0.0031528272279873347,-0.008884239020567222,-0.009439677592507483,2e-05
2020-06-05,-0.006829799468361533,-0.0077617804985926344,0.001748208833566754,2e-05
2020-06-08,-0.017052694252661454,-0.012126371046408308,0.0009802642182609427,2e-05
2020-06-09,0.0011655540925664342,0.00029617135151962474,0.002837879214124081,2e-05
2020-06-10,-0.006053912508765629,-0.006609834903239263,-0.006637718466464471,2e-05
2020-06-11,0.0030921145362564476,-0.0022073006601075005,0.0032750834465753017,2e-05
2020-06-12,0.0005622257462813145,0.004068269139350249,0.010322725473103886,2e-05
2020-06-15,0.019521346695850986,-0.00374925632469708,0.00044225065388955675,2e-05
2020-06-16,-0.0025722675296762916,0.0014876921364601874,-0.0002583265960327041,2e-05
2020-06-17,-0.01198196991146238,-0.001696027446510332,0.001595011780428505,2e-05
2020-06-18,0.002451307619475794,0.004132685890578621,0.01021168512355169,2e-05
2020-06-19,0.002939960207661182,0.0029507684040880524,-0.005068238808499455,2e-05
2020-06-22,0.01661025090288524,-0.00405160217704766,0.0010660346669695247,2e-05
2020-06-23,0.010321334950974943,-0.0009119105204027159,-0.003948287111488221,2e-05
2020-06-24,0.004582452709794112,0.006362460386322967,-0.0026850236042249747,2e-05
2020-06-25,0.017859634694634745,0.002460261221524582,-0.0001979515394096967,2e-05
2020-06-26,-0.013965156651874212,-0.00828177234650679,0.0067866162080677936,2e-05
2020-06-29,-0.007377018392996973,0.004033708367028296,0.009054953003443684,2e-05
2020-06-30,-0.0108189112968663,-0.006407663734617429,0.002290710723133532,2e-05
2020-07-01,-0.0043777176378692155,0.008575078419766036,-0.0018329736151174265,2e-05
2020-07-02,-0.016220233770675704,0.00624459303904615,0.012513694333192592,2e-05
2020-07-03,0.007921811361772852,0.001839312855510405,-0.002087772406647601,2e-05
2020-07-06,-0.0023666723651852807,0.0010433970606171603,-0.0028056795717986867,2e-05
2020-07-07,-0.017349675534031894,-0.00115419353616452,-0.008824715222893634,2e-05
2020-07-08,-0.0118869489744905,0.004171143708400169,0.007030457846223717,2e-05
2020-07-09,0.004062166169402344,-0.00212466901677237,0.00489122796185647,2e-05
2020-07-10,0.010357518814732573,0.0015134192238393633,0.01213902768058223,2e-05
2020-07-13,0.02426077070030144,0.005331606199116707,-0.006897616761090629,2e-05
2020-07-14,0.03526634959208796,-0.0032708392611535382,0.0073408540373955476,2e-05
2020-07-15,0.005272913199311956,-0.0035971564399441677,0.00040067759183063696,2e-05
2020-07-16,-0.01157445744038237,-0.0070661928843467545,0.004080501084000682,2e-05
2020-07-17,-0.025284555368775708,-0.006286836476757034,-0.008188885705522356,2e-05
2020-07-20,0.00351253754812603,-0.010870371868649016,0.007390409113326486,2e-05
2020-07-21,-0.009455293143723913,0.004478972734093178,0.003982583756659152,2e-05
2020-07-22,-0.004684287122156224,0.010953487252496624,-0.00014455017393108762,2e-05
2020-07-23,-0.007045161588717697,0.008651973660821833,0.003275563438305607,2e-05
2020-07-24,-0.0013894906369966234,-0.0096565069317591,-0.0037774765052112458,2e-05
2020-07-27,0.013091762769451723,0.0044491280293372,-0.0028472004279084966,2e-05
2020-07-28,0.0021845828093441356,0.008632638099541338,-0.002267223068126981,2e-05
2020-07-29,-0.0016036180444642598,-0.0026408598844319844,-0.00921363930845139,2e-05
2020-07-30,-0.01212784503390974,0.0007086845839002968,0.004358792471016835,2e-05
2020-07-31,-0.019796195336452282,-0.011947358304828024,0.006007968070912831,2e-05
2020-08-03,-0.005535694908879971,0.0017004170078598491,-0.003456720748819208,2e-05
2020-08-04,-0.00034539060981984593,-0.006281358376608304,0.0017910150797240938,2e-05
2020-08-05,0.021515158962958598,0.0012978101074690872,-0.0012777023731461816,2e-05
2020-08-06,0.00186329425767463,-0.009267217533133284,0.0016913698104051523,2e-05
2020-08-07,0.012092874132276691,0.003357149346865575,-0.003087886206055146,2e-05
2020-08-10,-0.005691547182469825,0.006247076052560139,-0.00436712578043818,2e-05
2020-08-11,-0.013919325197004296,-0.004599079170291006,0.005310374430118713,2e-05
2020-08-12,-0.011281401146788463,-0.006721535488462607,-0.00026935292562246295,2e-05
2020-08-13,-0.00840271277442904,-0.012836138255299888,0.010160544754267378,2e-05
2020-08-14,0.025841636789221977,-0.0014984812044510623,0.00028154982397069985,2e-05
2020-08-17,-0.009556640150692634,-0.0033895636056896308,-0.004580390201752461,2e-05
2020-08-18,0.010361870444836139,-0.00920611647408833,0.006184704382179694,2e-05
2020-08-19,-0.010535126137044317,0.0028181125378730298,0.003204000820730099,2e-05
2020-08-20,0.01147887615449093,-0.0025998222911878953,0.003684364318482118,2e-05
2020-08-21,0.004919411593270358,-0.0063544157518713945,0.006003003394339593,2e-05
2020-08-24,-0.001579654771897085,-0.0032274344338426826,-0.0032139814692289724,2e-05
2020-08-25,-0.00018915031362520834,0.0065278272335776944,-0.0005862665449264377,2e-05
2020-08-26,-0.007557452345152685,0.003717621662531333,-0.0008072491574389661,2e-05
2020-08-27,0.005652866417784967,-0.0006801563689909389,-0.006403732684578093,2e-05
2020-08-28,-0.005159801764089361,0.003814630110789115,-0.0012679507507912175,2e-05
2020-08-31,-0.014407269165206979,-0.006865471738320433,0.0067318972893841205,2e-05
2020-09-01,-0.015035250891835432,0.0002942206043621832,0.001236690518969235,2e-05
2020-09-02,0.0023710550126654338,0.0009839339829188234,-0.006680306639224939,2e-05
2020-09-03,0.01924909507692522,-0.0027190190509923614,-0.007729197058324675,2e-05
2020-09-04,0.002219899362881259,0.002712750015744507,0.008373880293741356,2e-05
2020-09-07,-0.0011236599133185908,-0.004582600727866707,-0.00040159505127564994,2e-05
2020-09-08,0.003729913675230515,0.0031589242466567072,-0.0031870510285080867,2e-05
2020-09-09,0.0159720209004819,0.0034111526291877516,-0.0013199588244850156,2e-05
2020-09-10,0.002932590016366276,-0.0174029592841824,-0.007336538771586661,2e-05
2020-09-11,-0.0046311267700048465,0.007241834221060706,0.007165475747558099,2e-05
2020-09-14,0.013575464520718667,-0.018185795392116524,-0.0019152646879301482,2e-05
2020-09-15,0.005445077261539362,-0.003596294153336752,0.006887007638692109,2e-05
2020-09-16,0.018729071903951906,0.006252088205546531,0.0003082585722365758,2e-05
2020-09-17,0.0024988132466628736,-0.001803720351514644,0.007197659872842199,2e-05
2020-09-18,-0.014393628380646003,-0.008697115894817253,0.0013334724952154269,2e-05
2020-09-21,-0.016117910390947978,-0.006462422370300024,0.004316163314345379,2e-05
2020-09-22,0.020111135186774997,0.006261434477923719,0.003645465230441684,2e-05
2020-09-23,0.020983988649399567,-0.011429027183291831,0.0031664553312598536,2e-05
2020-09-24,-0.001854230559391208,0.006873946605772104,0.0017896723859135528,2e-05
2020-09-25,-0.004298247853631853,-0.00023061259425373606,-0.0011142535805779247,2e-05
2020-09-28,0.017837331506906428,-0.007054371982654601,0.009627173457864301,2e-05
2020-09-29,-0.012984548184521856,-0.003398690433816147,-0.004484684925479504,2e-05
2020-09-30,-0.010436724227469918,-0.006003346046609848,7.153821171579846e-05,2e-05
2020-10-01,0.008019921536268534,0.005297351205151172,0.00012442937603797724,2e-05
2020-10-02,-0.004435261474315075,0.00449456685857703,0.0020622037667176077,2e-05
2020-10-05,0.00023853759935914444,-0.01021496680325628,-0.0020973632294725058,2e-05
2020-10-06,-0.001661314782294151,-0.002321552711116005,0.0016237315279479388,2e-05
2020-10-07,0.004350894585587203,-0.005079113974065662,-0.0007942129260148307,2e-05
2020-10-08,0.017189782335764604,0.007861059810756221,-0.007859762587189496,2e-05
2020-10-09,0.0013870188828209464,-0.008000594708758527,9.776143128423229e-05,2e-05
2020-10-12,0.008027265519322296,0.009725374628110083,-0.005452826665150759,2e-05
2020-10-13,-0.02430206521237227,-9.976843710162539e-05,-0.008621928812244505,2e-05
2020-10-14,-0.00028462082316141546,-0.006871606438280525,0.0007343666034469248,2e-05
2020-10-15,-0.009818763243514455,-0.003963645104055667,0.0024894167100978325,2e-05
2020-10-16,-0.014325756725083537,-0.004709713044610703,0.0026834902105228823,2e-05
2020-10-19,-0.01023782840314501,-0.007547710412093036,0.002885853535098471,2e-05
2020-10-20,-0.0037094812884097446,0.0006689611583822541,-0.009612945104703053,2e-05
2020-10-21,0.011290830508272157,-0.00726749330415106,-0.006755084639537348,2e-05
2020-10-22,-0.015616712612874768,-0.012982197252429134,0.009917607184068354,2e-05
2020-10-23,0.0006675779111330094,-0.002178058825089039,-0.005186043800385181,2e-05
2020-10-26,-0.005510033200002942,-0.010717137178507297,0.003104205155683446,2e-05
2020-10-27,-0.0036320771323435303,-0.004412965208405122,-0.00338468810832923,2e-05
2020-10-28,0.01233309390365525,-0.005354617331620135,0.0004483636963378223,2e-05
2020-10-29,0.006757385244047113,-0.005127296432154885,-0.0031162710113679703,2e-05
2020-10-30,0.016348777289312926,0.012105778609540922,0.002857705773098224,2e-05
2020-11-02,-0.0015540681509988057,0.0004384694030174246,0.0007338705865834953,2e-05
2020-11-03,-0.008051311340048438,0.001572226053971993,-0.002191448868221168,2e-05
2020-11-04,-0.0023863058025659946,-0.010558389778053769,-0.005200860598403552,2e-05
2020-11-05,0.0032099614952546592,-0.0038237788018215322,0.0013888709874625552,2e-05
2020-11-06,0.002418880301444532,0.0013918157796490719,-0.0060135939952129505,2e-05
2020-11-09,-0.012712656866800398,-0.006047173477478038,0.0021874052106041924,2e-05
2020-11-10,0.0013858773795344906,0.005548377061107912,0.0131824245451845,2e-05
2020-11-11,0.0030387399616668615,-0.007116179515406181,0.00680085025631006,2e-05
2020-11-12,0.03050968845040705,-0.0016181968151910537,0.0036417394344708145,2e-05
2020-11-13,0.022822135335380044,-0.003416309839853352,-0.0003780364887057383,2e-05
2020-11-16,-0.00993892020670584,0.001085923956291496,-0.009643763135017627,2e-05
2020-11-17,-0.0031486003385901135,-0.003742940431132556,-0.006561431979500922,2e-05
2020-11-18,-0.017261304022044035,-0.001525361762425624,0.006463964280513567,2e-05
2020-11-19,-0.006788484167561838,-0.0013167805506679132,-0.003898780400623899,2e-05
2020-11-20,0.004087260043084086,-0.004306326544347806,-0.003446260490820233,2e-05
2020-11-23,0.014770243450658803,0.0030105632109826757,-0.0007782523784201072,2e-05
2020-11-24,-0.008449006052923303,0.0015303302490245517,-0.005260231294232774,2e-05
2020-11-25,-0.007549757280813559,-0.00043168367151900385,-0.006083843672758182,2e-05
2020-11-26,-0.025467468356863858,-0.0024827500007717487,-0.00020237036390710912,2e-05
2020-11-27,-0.001651991046538892,0.004879264183119982,-0.0044076472733601815,2e-05
2020-11-30,-0.012448972942314757,-0.001315005462885088,-0.003655092898894474,2e-05
2020-12-01,-0.006053273128392885,-0.001740183726955623,-0.00385595513073503,2e-05
2020-12-02,-0.010222329338011059,0.0007281401793287561,0.0026618010691723433,2e-05
2020-12-03,-0.0008311506510306839,0.010279520097825104,-0.0011106284524767865,2e-05
2020-12-04,-0.020792740696279573,-0.007942137248127224,-0.0008428598394692685,2e-05
2020-12-07,-0.017304542944691886,0.004719141358332128,0.0030347294865444166,2e-05
2020-12-08,0.025850965344339578,-0.01125902696742863,-0.0006601980411647007,2e-05
2020-12-09,-0.015149070975288371,0.0014036389493717438,-0.0013412688422858644,2e-05
2020-12-10,-0.012861426941455676,0.009550496965652385,0.0024022517778508543,2e-05
2020-12-11,0.02234296233985577,0.0030320111468038428,0.003390989217788155,2e-05
2020-12-14,0.03516080603088489,0.001123750471238757,-0.0006853674975430209,2e-05
2020-12-15,-0.0137587995459041,-0.0032626968128184534,0.00045303887810260805,2e-05
2020-12-16,-0.004118987481456367,0.00028628320293132547,-0.0038589511486666404,2e-05
2020-12-17,0.0043986666112861145,-0.0014123768924201377,-0.004253415215822628,2e-05
2020-12-18,0.02104437173286711,-0.004615859647588132,0.0038957375098340385,2e-05
2020-12-21,-0.011542284941138849,-0.001639253692849219,0.002274710312723109,2e-05
2020-12-22,-0.002643334151305317,0.0012902869637586372,0.0023264921920828807,2e-05
2020-12-23,0.009628050912740929,-0.004503302411183842,0.0014542717436276111,2e-05
2020-12-24,0.005517192893599423,-0.004737690924108104,0.00028101637907476787,2e-05
2020-12-25,-0.004213872854761191,-0.008061460625553046,0.0035320594541138465,2e-05
2020-12-28,-0.0013058755741924939,0.0024443501565333766,0.004725543805113919,2e-05
2020-12-29,-0.01619874970043978,0.003371939571802362,0.004606140025953238,2e-05
2020-12-30,-0.002558084927695983,0.0014899626654191049,-0.00045388957972993416,2e-05
2020-12-31,-0.0028966498801074616,0.005891022956371996,0.00698496364954419,2e-05
2021-01-01,0.0030860386755150715,0.0006272058224843652,0.0011923034086616059,2e-05
2021-01-04,-0.006363926625828193,0.00245206562419454,0.0032118809628289926,2e-05
2021-01-05,0.005958462270541668,0.001923024553825377,0.0014604394541743986,2e-05
2021-01-06,0.012452589813837943,-0.00044924011650924724,0.0012850335374208705,2e-05
2021-01-07,0.0021651519320215924,-0.003084930968777884,-0.0036287599512515984,2e-05
2021-01-08,0.004521076900790442,0.013384915694751467,0.0035567541917241306,2e-05
2021-01-11,0.0009378641709344084,-0.0026117058791210513,0.014276471974538196,2e-05
2021-01-12,0.00030101271709697015,-0.003895266266722618,-0.0018239753739504165,2e-05
2021-01-13,-0.00835869640251417,0.0027040589407006416,0.00040497357712474083,2e-05
2021-01-14,0.004097931140079696,0.0016111264917700308,-0.0021810263217363116,2e-05
2021-01-15,-0.0008674391809618738,-0.008328749285661966,-0.0023900995078096725,2e-05
2021-01-18,0.02541801970716714,0.006836069527382432,0.007772247390593364,2e-05
2021-01-19,0.019180258829702913,-0.0004651674521049999,-0.0033148550886373234,2e-05
2021-01-20,0.004930158630678009,-0.0065655865712943235,-0.0023204023668318063,2e-05
2021-01-21,-0.00885668651633721,0.0072327046861232445,-0.007887464118656507,2e-05
2021-01-22,-0.013048937663801016,0.0038540534295769236,-0.0037380586227112366,2e-05
2021-01-25,0.014593715437066382,-0.007487251951687485,-0.008491999464766739,2e-05
2021-01-26,0.003452990701765662,0.010763097041546345,0.0032090234960596444,2e-05
2021-01-27,0.00606172084069933,0.004052784210197157,0.014048486109186548,2e-05
2021-01-28,-0.02063503184369031,3.882330624972322e-05,-0.0017833939682526108,2e-05
2021-01-29,0.01142926177869817,0.009641312833730676,-0.008283789664951188,2e-05
2021-02-01,0.005753044058572356,0.0010557867029778434,0.004549998322148666,2e-05
2021-02-02,-0.013025168212973736,-6.849845062419187e-05,-0.003584624794650784,2e-05
2021-02-03,-0.005358297689399388,-0.003861800696131934,0.006546734652767701,2e-05
2021-02-04,0.0034646064522782347,0.0035911026358424712,-0.0013601452389497236,2e-05
2021-02-05,0.0009296015802749235,0.0029596178039438792,-0.0031090784454139036,2e-05
2021-02-08,-0.00320605422964266,0.00018808083933826773,-0.0008397877787284324,2e-05
2021-02-09,-0.0009418592167915304,-0.004639918123205617,0.003838883804680936,2e-05
2021-02-10,-0.0027237285384826247,0.0008795791249964432,-0.0010871031537782823,2e-05
2021-02-11,0.002130750145229623,-0.0003187927145728273,-0.0024336235139685272,2e-05
2021-02-12,0.017957903675917885,-0.007900845912405207,-0.0009441580148943591,2e-05
2021-02-15,-0.03049990129117557,-0.008730874107945114,-0.006309275922504425,2e-05
2021-02-16,-0.002542203174116211,0.0034909202728586166,0.002035158011469901,2e-05
2021-02-17,0.0024181490564693636,-0.015511329890310134,-0.008883632969224552,2e-05
2021-02-18,0.003851927876245194,0.00133246316176756,-0.0021706072718275767,2e-05
2021-02-19,-0.004162974975855479,-0.002768498346522947,0.0038469260441537164,2e-05
2021-02-22,-0.02078066138974299,0.00794947964127946,0.0015652414146635838,2e-05
2021-02-23,0.004235945804569315,-0.0028608092549232546,0.0030016028649319515,2e-05
2021-02-24,0.021028202569970223,0.004056905285511376,-0.0002752283635940455,2e-05
2021-02-25,-0.01810633685899365,-0.00228148304742675,0.005898730904927584,2e-05
2021-02-26,0.01066593616437826,0.0007824889209168608,0.0046734959838489595,2e-05
2021-03-01,-0.0036423026774747265,0.004521019185520308,0.002280705021238373,2e-05
2021-03-02,-0.00043589214994616763,-0.002675334297947481,0.004687728886567715,2e-05
2021-03-03,-0.012334782128447389,0.006079329306990425,0.003802117772017884,2e-05
2021-03-04,-0.00371347406827052,-0.005862187262638899,-0.002147317566734451,2e-05
2021-03-05,0.015900535136387502,0.0018675570553502747,-0.006669494558456669,2e-05
2021-03-08,0.007291862903852485,0.005635838336727117,0.002151810629213119,2e-05
2021-03-09,0.02108773926491933,0.00406022495074201,0.0027804461541571434,2e-05
2021-03-10,0.014428942667732324,0.011598669260412461,0.005502359955692827,2e-05
2021-03-11,0.005569040147154914,-0.004480635903863963,-0.004631606375226468,2e-05
2021-03-12,0.021227214314013507,-0.008174895508091529,-0.004482155296385817,2e-05
2021-03-15,0.005567917904859585,-0.005866010650970716,0.002349501331538852,2e-05
2021-03-16,0.010235858121564707,0.004062655399290622,-0.0003058349442654332,2e-05
2021-03-17,-0.0032588514424165007,0.0030875376056162715,-0.00937880805285564,2e-05
2021-03-18,0.001098549790310458,0.0007135399578844947,0.0019255408187709537,2e-05
2021-03-19,-0.008069085879603323,-0.006637742294642779,-0.009212114574944773,2e-05
2021-03-22,0.012175007215138237,0.004701203759974365,-0.004676282759366881,2e-05
2021-03-23,-0.013839643477378387,-0.007248228665903242,0.006808406864300535,2e-05
2021-03-24,0.009688204109011936,0.0070536974942613994,0.009174395089035576,2e-05
2021-03-25,-0.0019878126900619137,0.01724463053883919,-0.0060282818423598086,2e-05
2021-03-26,0.014354965121607832,0.0022987068794293026,-0.0015969576870634714,2e-05
2021-03-29,0.009310427864775117,0.0035986488139464587,0.00026311261539352994,2e-05
2021-03-30,0.022147753891761622,-0.0028571586133733567,0.00895613463790784,2e-05
2021-03-31,0.009069296293663738,-0.010761279926520899,-0.0024143447391220076,2e-05
2021-04-01,-0.018564483067838887,-0.003516316178181334,-0.0023344201151663906,2e-05
2021-04-02,-0.0005034380747784102,-0.0064573714465924964,0.007793627792314309,2e-05
2021-04-05,-0.013764086311137791,-0.008582027458490096,-0.0018239457635912902,2e-05
2021-04-06,-0.005919358108395297,0.010434159651973895,0.0036610085448322877,2e-05
2021-04-07,0.01843474119932066,0.0017371751081546381,-0.007335714825562138,2e-05
2021-04-08,0.007950405730772353,0.002378125483683902,-0.0008061637204616311,2e-05
2021-04-09,-0.008087165142944957,-0.0017541341911774973,-0.008247984191632023,2e-05
2021-04-12,-0.011864608397284787,-0.000937226494660618,-0.005227168904778522,2e-05
2021-04-13,0.0006933851145151295,0.005887304093436001,0.004246006775761316,2e-05
2021-04-14,-0.014298721792573533,-9.402271217129263e-05,-0.00019952695543356318,2e-05
2021-04-15,-0.007753683328758974,0.0032841636281483962,-0.0015455287027648732,2e-05
2021-04-16,0.004044113658614927,-0.001076025787070095,-0.0036937481199045877,2e-05
2021-04-19,0.014163744433280355,-0.0019529173443922833,-0.001053280366206414,2e-05
2021-04-20,0.0076051376666932775,-0.008341484993611172,0.0015555658355034681,2e-05
2021-04-21,-0.0271954741031772,-0.01176649437420277,0.0049645810323088084,2e-05
2021-04-22,0.003952400748363118,-0.001469371406398411,-0.013075733420484011,2e-05
2021-04-23,0.001164402878790935,0.00043898015195939613,-0.004108805871314049,2e-05
2021-04-26,0.005266683424472317,-0.007616780220252745,0.0008454812109450286,2e-05
2021-04-27,0.01969451617981449,-0.00010684919020779729,-0.00044431557981142926,2e-05
2021-04-28,-0.024458859321656912,0.00042251537794301216,0.002066881212633625,2e-05
2021-04-29,-0.006793241102293267,-0.012836048036356277,0.0013877014306327691,2e-05
2021-04-30,0.007390875873520256,-0.005390747956877007,-0.0014743393149670363,2e-05
2021-05-03,-0.018679132793447305,0.002543583362412811,-0.002584265979935885,2e-05
2021-05-04,0.01801138857664211,0.0024223523763744633,-0.0011775074486775046,2e-05
2021-05-05,0.004720279352407901,-0.006822049498398564,0.005793711749113713,2e-05
2021-05-06,0.010459007830120848,0.0010506883029984097,-0.003610039664528572,2e-05
2021-05-07,-0.006551323938261535,0.006234443352162833,-0.0002640336157197774,2e-05
2021-05-10,0.010065164279594526,0.00476243775394539,0.0009667110699921051,2e-05
2021-05-11,0.01312165867186846,-0.0004717147220836074,0.007851754649372291,2e-05
2021-05-12,0.00309453624164602,-0.002707857879945755,-0.0014515412911815663,2e-05
2021-05-13,0.0031128107123843513,-0.0036760669060070267,0.004844033280054804,2e-05
2021-05-14,0.0035441188713807104,0.0029069186974579426,0.006209897016325111,2e-05
2021-05-17,-0.01006014317687258,0.0012706238388573282,-0.00026877132495324124,2e-05
2021-05-18,-0.0014703441628842353,0.0038764240366132023,-0.0010035948953838127,2e-05
2021-05-19,-0.0015302703894283058,0.000891242878726912,-0.0015952683602410806,2e-05
2021-05-20,0.0049007263722419415,0.005012583702084652,-0.0012291156712129119,2e-05
2021-05-21,0.012297890962923535,0.000667555197746201,0.0043211993028841635,2e-05
2021-05-24,-0.012402432983740911,0.004808132296790119,0.0012050498862775695,2e-05
2021-05-25,-0.0012001083638349317,0.005324936622199834,0.001226448545849347,2e-05
2021-05-26,0.01807746657190768,-0.004727159781348881,-0.005576117551899175,2e-05
2021-05-27,-0.00862305874575077,-0.010748864281224476,-0.004787450386876173,2e-05
2021-05-28,-0.009567000207483843,0.00936095713608732,0.0107672341238849,2e-05
2021-05-31,0.002727674301974323,0.0016399523842735703,-0.000839128626443448,2e-05
2021-06-01,0.010432622285823841,-0.01018691537297673,-0.0038238599778918007,2e-05
2021-06-02,0.00043711266672791195,-0.004182916983312266,0.007205495827946487,2e-05
2021-06-03,0.016247527085243872,0.0047312457542189705,0.0014590427434177603,2e-05
2021-06-04,0.010581527790798323,-0.0015780609867973579,0.0029407745843226083,2e-05
2021-06-07,0.010401840802680742,-0.0029723685159147627,-0.0006402353764076679,2e-05
2021-06-08,0.00694939801588912,0.0085052911618778,-0.001543365452884021,2e-05
2021-06-09,0.028231837204153024,-0.006183722878302863,-0.0007979318624864518,2e-05
2021-06-10,-0.00216194026639253,-0.004688920146529003,-0.006863690851493134,2e-05
2021-06-11,-0.023742267504798166,0.0013683188502896053,-0.00038963704709948737,2e-05
2021-06-14,0.019551052338205692,0.0024427295923232935,0.0015301653852130867,2e-05
2021-06-15,-0.005192393171481908,0.003078058206044389,0.009302316169218769,2e-05
2021-06-16,0.0015945653321163965,0.005567428267413682,0.0004799953250260775,2e-05
2021-06-17,0.016014608218326325,0.0012914717240891012,-0.011620885211051526,2e-05
2021-06-18,-0.018927114492707103,0.0030363036336304547,-0.0004199271639231071,2e-05
2021-06-21,-0.014719766569273674,-0.0014552555558904991,0.013747520665541529,2e-05
2021-06-22,-0.018915335245426244,0.00047618981942028544,0.0043818311749251986,2e-05
2021-06-23,-0.009229635480305087,0.0007452050803218066,-0.0040044447190429435,2e-05
2021-06-24,0.005575639272203923,0.0013905888149142165,0.003005532572152784,2e-05
2021-06-25,0.006590254113753252,0.004735238845496565,-0.0036600671244487017,2e-05
2021-06-28,0.003615290151942645,0.003430874091668986,-0.006719037597734288,2e-05
2021-06-29,-0.016653190606708397,0.0003653020174010986,-0.001691846816170361,2e-05
2021-06-30,-0.027421241239591727,-0.004754755909646239,0.0005076321961943061,2e-05
2021-07-01,0.0009522430246845872,0.0005060275483762573,-0.00931077751216698,2e-05
2021-07-02,-0.005361312403660029,-6.81067093744636e-05,-0.005695796452693179,2e-05
2021-07-05,0.005812629260599341,0.0012590894788791903,0.00010167781591177363,2e-05
2021-07-06,0.008723443514655241,0.013339151842842413,-0.0019908658799447708,2e-05
2021-07-07,0.001958897184704183,-0.0030426366712474127,0.002024056355730454,2e-05
2021-07-08,0.009421597024510245,0.002633734114752157,-0.006023341636542808,2e-05
2021-07-09,0.003050536489380821,0.006510772403465789,0.0036205687427665035,2e-05
2021-07-12,0.0066607764672176,0.0006880114845962974,-0.005868795485300975,2e-05
2021-07-13,-0.008156079154438589,0.014127070715032991,0.00826367150968815,2e-05
2021-07-14,-0.0018553369659775024,-0.0021682357503888606,-0.008528791421891583,2e-05
2021-07-15,0.002661313159883487,0.002044535333920282,-0.0054127713519170634,2e-05
2021-07-16,0.010146341705009027,-0.004692834469357892,0.002136854015159146,2e-05
2021-07-19,-0.004424894066694865,-0.002009148410859759,0.00837116625748819,2e-05
2021-07-20,0.006554007068785352,0.0015936034623799476,0.0016252151805808536,2e-05
2021-07-21,-0.0028900655029845484,0.0051778243738463785,0.002864289600911956,2e-05
2021-07-22,-0.0011105060079375645,0.0020145690041414453,0.0001376845083652924,2e-05
2021-07-23,0.010254228504288877,0.007654689096008416,-0.0050819922705759675,2e-05
2021-07-26,-0.02361672445264987,-0.00046979186355603045,-0.0024006917411968963,2e-05
2021-07-27,-0.015257667936897132,-0.0018930111790340322,-0.006009548599906384,2e-05
2021-07-28,-0.017486224769313847,0.016323910643676318,-0.006343549838884358,2e-05
2021-07-29,-0.027703393438179656,0.0024654258966521846,0.002058744596598732,2e-05
2021-07-30,-0.007839173281862122,-0.004216889275871286,-0.005565889910439809,2e-05
2021-08-02,0.009293206796732885,-0.004065582573488413,0.0016477700336168068,2e-05
2021-08-03,-0.003118608796590897,-0.005556079487188043,-0.006459113761105488,2e-05
2021-08-04,0.0026734809833022254,0.005719416135140728,0.0015319151005837733,2e-05
2021-08-05,0.013370609960529512,-0.0020862637573594513,-0.0023934128448148124,2e-05
2021-08-06,0.016232233587212302,0.0008641748539389138,0.007083077668253222,2e-05
2021-08-09,-0.0005296552167136745,-0.0002810520466296123,0.001668594477895325,2e-05
2021-08-10,0.01654303067483277,0.004488954447645608,0.006228914464970707,2e-05
2021-08-11,0.0014055199012093103,-0.00498046455730412,-0.0037282335821259625,2e-05
2021-08-12,-0.009748778685929545,-0.006353433716858092,0.00033071670122083644,2e-05
2021-08-13,-0.006832804226384823,0.0014457838430895658,-0.004855435790581392,2e-05
2021-08-16,-0.017466438150780195,0.0037057557081993818,-0.0020180262137220904,2e-05
2021-08-17,-0.010357606244803828,0.0020951938785858442,-0.0012605211137231456,2e-05
2021-08-18,-0.00399620025689315,-0.004756722374583965,-0.0035792911034356963,2e-05
2021-08-19,0.00994302023254322,0.004164909052548363,-0.006027514294228476,2e-05
2021-08-20,0.020949237973991806,-0.004363165562573805,-0.0070175866182632645,2e-05
2021-08-23,-0.016286178184524477,-0.0030292318687183003,-0.011648740578536987,2e-05
2021-08-24,0.005013929619119027,-0.005563721148332013,-0.00523173231751729,2e-05
2021-08-25,-0.012186527269890413,0.007906950091912186,0.003187469483359223,2e-05
2021-08-26,0.005996365061558423,0.003900529246164095,-0.007942492660066415,2e-05
2021-08-27,-0.0012730398082527192,0.00372996025407324,-0.006790614231266525,2e-05
2021-08-30,-0.02167086991017036,0.007583268526854702,0.009004492856164576,2e-05
2021-08-31,0.011439563898821812,0.01697589548943234,-0.00313248024924127,2e-05
2021-09-01,-0.006960008553704772,-0.010155356623460933,0.0016552300458241788,2e-05
2021-09-02,-0.006106802860482655,-0.004330259485262648,0.0032615857325024736,2e-05
2021-09-03,-0.012537028935476278,-0.003597050505047143,0.0033626306489064014,2e-05
2021-09-06,-0.007551399320250667,-0.005004917734296157,-0.007561571153040299,2e-05
2021-09-07,0.005434685288339007,-0.006365499485622275,-0.0011052983994974512,2e-05
2021-09-08,-0.0019709320912368665,-0.0016979183843321938,-0.008041136347591961,2e-05
2021-09-09,0.004243944027389772,-0.007199622291736429,0.012281589294551616,2e-05
2021-09-10,0.004643062247146125,0.002110254205224479,-0.007924376320078001,2e-05
2021-09-13,0.016147939866338005,0.0004101899285716878,-0.0051892010943491015,2e-05
2021-09-14,-0.003813433810372552,0.0029861719885819317,-0.005153004274207524,2e-05
2021-09-15,-0.01742229380214878,0.003146370709829515,-0.0074333023836144025,2e-05
2021-09-16,0.013106668998863796,0.003718041120560059,0.006812969548782727,2e-05
2021-09-17,-0.0036778580651670566,-0.0021404536209432942,0.012162239505417479,2e-05
2021-09-20,0.013675109334928524,0.012826860415802003,-0.002328745596563087,2e-05
2021-09-21,0.004900525358189645,0.0015065866988925865,-0.006552115734222051,2e-05
2021-09-22,-0.0012736503624401392,-0.011074908515748771,-0.011134627493630107,2e-05
2021-09-23,0.004485310728555542,-0.005914254474597305,-0.0011705435926105076,2e-05
2021-09-24,0.023712150721515595,-0.010343017934166894,-0.0015318271158072192,2e-05
2021-09-27,0.025223766348645038,0.00020400777490784397,-0.0032064806318007227,2e-05
2021-09-28,0.0011325736215933445,-0.0006308313443200018,0.001156876269881142,2e-05
2021-09-29,0.0022222871198049037,-0.002710554187396747,0.0020258657140774317,2e-05
2021-09-30,0.013214881889596627,0.012165556674403085,0.0016654162896895031,2e-05
2021-10-01,-0.009847932393208166,0.003393897244461465,-0.0015306243598424362,2e-05
2021-10-04,0.004296844471419061,0.004456590168678007,-0.00545810914787131,2e-05
2021-10-05,-1.0354175446276826e-05,-0.005486440927652619,0.0033791654890335796,2e-05
2021-10-06,0.004066898537490643,-0.005894869347986074,0.00011256879710765227,2e-05
2021-10-07,-0.009700425671392869,0.0003208329945817285,0.004491787624173251,2e-05
2021-10-08,-0.018774809919707626,0.0011380428379133552,0.004000377747361157,2e-05
2021-10-11,-0.0245758012318955,-0.011037869402686742,-0.007058810345235578,2e-05
2021-10-12,-0.013108609355875295,-0.0009818421370972044,-0.007121111037288017,2e-05
2021-10-13,-0.005204103419271996,0.00018443249724102884,-0.003727703593702642,2e-05
2021-10-14,-0.003218299039785142,-0.0011908949946267736,-0.00523132704145334,2e-05
2021-10-15,0.023546773949154203,-0.004780342474080058,0.003826258879880504,2e-05
2021-10-18,0.013571920438887579,-0.0031372110915268404,0.0018065483799395885,2e-05
2021-10-19,-0.011245093396099528,-0.0009611551614367763,0.005545919968926553,2e-05
2021-10-20,0.004472501429411483,0.0006448001416602866,0.0020324340870545915,2e-05
2021-10-21,-0.0045849388362039015,0.0037287494953034076,0.001093247909366845,2e-05
2021-10-22,-0.003112366056481142,0.0065851372297052275,0.006048648901720852,2e-05
2021-10-25,0.002523907792984584,-0.001666086341163499,0.0023986366986752427,2e-05
2021-10-26,0.00773005340370472,-0.0026369371766921472,0.00039050481718859404,2e-05
2021-10-27,-0.0037711018066081846,0.002725934041205837,0.007452265169653427,2e-05
2021-10-28,0.013066218392812303,0.0037650694984651253,0.0006259044157639503,2e-05
2021-10-29,-0.013403258713708848,-0.002505202599553314,-0.0014717030245896083,2e-05
2021-11-01,0.0003760687483472213,0.0048423608617970335,-0.004139116293888249,2e-05
2021-11-02,0.03147208471914999,0.005977512046935839,0.0035651272952270563,2e-05
2021-11-03,0.0029769569115033014,0.00785011879395204,0.006235252709212344,2e-05
2021-11-04,0.017498574079274076,0.010769925440318934,-0.00020293700716715035,2e-05
2021-11-05,0.0013982421380784981,-0.005098496831956633,0.006589578118899193,2e-05
2021-11-08,0.00726932514395756,0.00018338925599506716,-0.00980007515985788,2e-05
2021-11-09,-0.00038139833271229844,0.00016766617971196082,-0.00022726687403957398,2e-05
2021-11-10,-0.0017448909739704531,-0.0004884414111950455,-0.00015047456052218097,2e-05
2021-11-11,-0.009053788760705036,-0.003795577517660817,-0.0035849718620367347,2e-05
2021-11-12,0.005463616307490639,-0.00881337201938643,0.011969305189909366,2e-05
2021-11-15,-0.009918446270229215,0.0006560766761740228,-0.0002809631634438058,2e-05
2021-11-16,0.00828702283576115,-0.004510133957287475,-0.0019886538580221663,2e-05
2021-11-17,0.01332344405335092,0.0006159608844857501,0.00017981056716752508,2e-05
2021-11-18,0.004698376886846759,-0.00466426125019312,-0.009964068692629148,2e-05
2021-11-19,-0.0031349848026683024,-0.006497950075066049,-0.0037493396267245754,2e-05
2021-11-22,0.005747586951704353,0.0015057901622613863,0.0049661998472270204,2e-05
2021-11-23,-0.0034040766665569514,0.0010055291608389758,-0.0030947267746638733,2e-05
2021-11-24,0.01152656550558179,0.0035756918279255976,-0.0040943758140013576,2e-05
2021-11-25,-0.021676873010581483,0.01321518259850575,0.006597628182572001,2e-05
2021-11-26,-0.003727288417423755,0.001763737187265081,0.0067512720047591445,2e-05
2021-11-29,-0.02358974394148797,0.0030104906023847773,0.0026349523608057094,2e-05
2021-11-30,-0.01764072996272646,-0.006365367973203952,-0.0022255866701933365,2e-05
2021-12-01,0.016666346757766914,-0.007621444643218247,-0.0011473553255816177,2e-05
2021-12-02,0.011042219783660231,0.009596976680640001,-0.003970749807874796,2e-05
2021-12-03,-0.008333762799417485,-0.005440878679599821,-0.004923865595143225,2e-05
2021-12-06,-0.017730041472490764,-0.0061636644288118525,-0.005172082441542162,2e-05
2021-12-07,-0.03527434605409981,-0.0001345935272993179,-0.0030402720339260374,2e-05
2021-12-08,-0.006221946095191615,-0.0004411544802643301,-0.005123604953423726,2e-05
2021-12-09,0.029344980146968833,-0.00531503903865975,-0.007768525592715745,2e-05
2021-12-10,0.005518611257563769,-0.0017298393122786,0.0011470133487695286,2e-05
2021-12-13,-0.006414867432593874,0.007476254305900627,0.0012229779044671853,2e-05
2021-12-14,0.0058809625140036756,-0.004735961652990785,0.008553963792141583,2e-05
2021-12-15,-0.018431500235933315,-0.00826203490619703,-0.003291691841773513,2e-05
2021-12-16,-0.0032678803523716253,0.005755561725398754,0.0015305029481163528,2e-05
2021-12-17,0.001493729676188862,0.00305378147162822,0.0016135628963740082,2e-05
2021-12-20,-0.0007332078218525821,-0.00362311172389197,-0.0012191878056276655,2e-05
2021-12-21,0.009789673460280967,-0.009393002096761508,0.003771667943748381,2e-05
2021-12-22,0.004435742714832628,-0.004367740138631379,0.003926145934253572,2e-05
2021-12-23,0.008319912217295963,-0.00022822662109562788,0.0016870554759876998,2e-05
2021-12-24,-0.007960467386769114,0.007094032539302915,-0.0012281985252389778,2e-05
2021-12-27,0.011073784900926578,-0.006119491849217942,-0.0017376505427726754,2e-05
2021-12-28,0.0198472433714879,-0.0004071192890688407,-0.006788769493985296,2e-05
2021-12-29,-0.011341794235816952,0.0041508679593693885,-0.003979588893088458,2e-05
2021-12-30,-0.010352347868574717,-0.014187604040731525,-0.0030600376195084396,2e-05
2021-12-31,0.016329412035842795,0.006302717007633399,-0.005569858812147171,2e-05
2022-01-03,-0.0019961278403407235,-0.006994703433238624,0.0022496198334383214,2e-05
2022-01-04,0.017145856704798686,0.0020919729607416075,0.00603313934493505,2e-05
2022-01-05,-0.005010428542706207,0.0015800988976644645,-0.00449031216164575,2e-05
2022-01-06,0.01776054691524854,0.00660751834878307,0.0014672071787231857,2e-05
2022-01-07,0.0018778298016654262,0.0034055462853612418,-0.0051205556976485515,2e-05
2022-01-10,0.0033987458798723424,-0.014163742950379888,-0.0014746108546958108,2e-05
2022-01-11,0.019076616260038856,-0.004608675482935948,-0.003401647895888879,2e-05
2022-01-12,-0.004041245729330055,0.0009292307761196805,0.0030594782430322077,2e-05
2022-01-13,-0.0109934651510995,-0.0010698793167187217,-0.0033439408692108913,2e-05
2022-01-14,-0.005082770496340252,0.0029656643785406227,0.005108302068533233,2e-05
2022-01-17,0.0057280074077176646,0.004836199334018233,-0.0011786038683109952,2e-05
2022-01-18,-0.01848910886616617,0.0037507104185780745,-0.003198018547974154,2e-05
2022-01-19,0.00794965083181346,-0.0011856496553267913,-0.006216526311725815,2e-05
2022-01-20,-0.006165255811412919,-0.010978022066722883,0.0013160225514767488,2e-05
2022-01-21,0.014073751928802761,-0.002632887493128904,0.004526092011130901,2e-05
2022-01-24,-0.02843112365880566,0.002598208888833731,0.001416606282684371,2e-05
2022-01-25,-0.009138789301250025,-0.006442683515302866,0.011244158332072119,2e-05
2022-01-26,-0.01993761781480922,0.0038876483807294576,0.0071989372623520904,2e-05
2022-01-27,-0.009614753596367431,0.005550359783603827,-0.001487638823585078,2e-05
2022-01-28,0.0032719908133073176,0.0008612018577750554,-0.0015401371690353465,2e-05
2022-01-31,-0.001850719505397059,-0.018282679197874376,0.002398483597426766,2e-05
2022-02-01,-0.0027405308273761794,-0.00756853017627082,-0.004140095902128426,2e-05
2022-02-02,-0.0016102184565607296,0.01141713495133649,0.0058814415326624335,2e-05
2022-02-03,0.0027406588874393212,-0.003179226758170268,0.0018580026092179186,2e-05
2022-02-04,-0.011802432503317294,-0.011804859338773977,0.0013322945542926638,2e-05
2022-02-07,0.00878219569078861,0.007511484329861634,0.003484768338854082,2e-05
2022-02-08,0.008251991644625808,0.00018013354926203713,0.008664149416845294,2e-05
2022-02-09,0.004920455251873212,0.006729642933746353,0.0009047767609375259,2e-05
2022-02-10,0.006978401313015158,0.0017617520513161919,-0.0005152018543569218,2e-05
2022-02-11,0.003857016009703914,0.0028513548172730127,0.007593598116612892,2e-05
2022-02-14,0.02472087963277281,0.0022780554862870993,0.004887752079955676,2e-05
2022-02-15,-0.0007451300526301189,0.0042849298715260005,-0.0015548992019186116,2e-05
2022-02-16,-0.003384998620014921,0.01376458269133659,7.593224329510043e-05,2e-05
2022-02-17,-0.008742330964288534,0.005926038015755129,0.0010269045796939928,2e-05
2022-02-18,-0.012087152046934042,-0.00938203590707321,0.0018590647230249144,2e-05
2022-02-21,-0.014633661451212905,0.0027799690916734203,-0.00673299925469557,2e-05
2022-02-22,-0.010365567758771023,0.006948884608619307,-0.007662423039007801,2e-05
2022-02-23,-0.0005481645798248557,0.007316204839216876,-0.004386950110012269,2e-05
2022-02-24,0.004311541541972574,-0.0024596298983545974,-0.0047736922150567115,2e-05
2022-02-25,0.0009137047026259414,0.007089666671128767,-0.0031691200698625126,2e-05
2022-02-28,-0.008886423329156555,0.005666454397307232,0.0032235532104500217,2e-05
2022-03-01,0.01110221476823956,0.01553510462181838,-0.0007946457816236917,2e-05
2022-03-02,0.009172952067611371,-0.004400010417491069,0.0010319730250509412,2e-05
2022-03-03,-0.001615779689064204,-0.0029444034584025515,-0.0060715170502113084,2e-05
2022-03-04,-0.007534993735976546,-0.0017367142907597235,-0.002258211014604726,2e-05
2022-03-07,0.0068811350499575945,-0.002841332900232652,0.002986288308724202,2e-05
2022-03-08,0.0025556830498332534,-0.005240124498581618,0.003024762290884009,2e-05
2022-03-09,-0.01707752711298057,-0.01647605303404246,-0.0035728691409395398,2e-05
2022-03-10,-0.0005157630718128589,-0.002508196842338805,0.0008583119318977681,2e-05
2022-03-11,0.0034444297448925723,0.0023161483581994264,0.011044239267411661,2e-05
2022-03-14,-0.010496337437853045,-0.0028593310730354645,-3.7989646278190684e-05,2e-05
2022-03-15,0.002578120714049316,0.011712287101174657,-0.0034159347307122266,2e-05
2022-03-16,-0.017157869823093468,0.00018025487629517547,-0.0008188119468108012,2e-05
2022-03-17,0.016334233200146053,0.007846174331104813,0.0005108855376341653,2e-05
2022-03-18,0.015275399820713182,0.0016685224763798101,-0.0007058419034527469,2e-05
2022-03-21,-0.002730208011635577,0.005058443859359548,-0.00010677350338250896,2e-05
2022-03-22,0.004661452054068878,0.0017754493236013737,-0.007167233984684199,2e-05
2022-03-23,-0.0286190635895985,0.008312707791421377,-0.004763152375429756,2e-05
2022-03-24,-0.013576171923183994,0.00043563610079440433,-0.0006966761853574877,2e-05
2022-03-25,-0.0032253470418255577,0.0030767242485327142,-0.0007763398501121835,2e-05
2022-03-28,-0.012565596257122311,0.0022979976019002622,-0.0027809463743000027,2e-05
2022-03-29,0.008872757791567905,-0.0016297127487639128,-0.0008350679303821847,2e-05
2022-03-30,0.02426755836897593,0.0025298939135480606,0.0003550742770710268,2e-05
2022-03-31,-0.013819376633151624,0.013506317477186091,0.004497067282622626,2e-05
2022-04-01,-0.009749560849022313,-0.0015223816525726521,-0.00044605867613025437,2e-05
2022-04-04,0.003125380419719164,0.0026167893571194894,0.002045516026491266,2e-05
2022-04-05,0.019633393781995453,0.007646673705216657,-0.002658001507169605,2e-05
2022-04-06,-0.014368491750478838,0.0069415196856656815,0.00291047861799241,2e-05
2022-04-07,0.0032884334676833034,0.00017029850631619152,0.0019286514880617835,2e-05
2022-04-08,0.022155586209757307,-0.014200332217744171,0.004379085015899097,2e-05
2022-04-11,-0.019521109778151205,0.0032002169118907973,0.003617302312222439,2e-05
2022-04-12,-0.015072830482149985,-0.013216845551738318,0.0029936781144057306,2e-05
2022-04-13,-0.004783279277530059,0.008919623385647385,-0.0004420870432889013,2e-05
2022-04-14,-0.005947060954264932,0.0011168432271595635,0.0012746961352223408,2e-05
2022-04-15,0.010051215453043735,0.006098044119231935,0.005367544642257632,2e-05
2022-04-18,0.0031999166378500568,-0.005312666829086307,-0.003210372847013972,2e-05
2022-04-19,-0.02099954471570554,-0.009215044839800327,-0.003092038893484328,2e-05
2022-04-20,0.0064849248348097304,0.0016645263048470033,0.0009571569897518099,2e-05
2022-04-21,-0.006630466648267806,-0.00010162063973685185,0.0021263984513272675,2e-05
2022-04-22,0.01559336660329487,-0.0028492449569429944,-0.004070532496320022,2e-05
2022-04-25,-0.007231050437243036,0.0006079676843965826,-0.0003238128170665418,2e-05
2022-04-26,-0.007339383397226828,0.016704615352193558,-0.00041999387114392394,2e-05
2022-04-27,0.006793579329654377,0.005107153284214346,-0.011026400578017355,2e-05
2022-04-28,0.009455117788043239,0.006396991635179913,-0.0010479699462937987,2e-05
2022-04-29,0.005677192367234443,0.005163621349320134,-0.0007365891642423314,2e-05
2022-05-02,-0.019927167808617696,0.008976772863113157,-0.0007514647141150957,2e-05
2022-05-03,0.006756413279139012,-0.0010404300374044692,0.00712957137288634,2e-05
2022-05-04,-0.012111696620092788,-0.012228567846051763,-0.006028991492544377,2e-05
2022-05-05,0.003123313339059162,-0.0010315167980360588,-0.0040731128560230635,2e-05
2022-05-06,-0.01678481322478872,0.004970414259979011,-0.01301097899159667,2e-05
2022-05-09,0.005655865770516764,-0.005718802370690442,-0.0023545833308707036,2e-05
2022-05-10,-0.009379186851688471,-0.000958195702935982,-0.0019282177706300048,2e-05
2022-05-11,-0.015091615803126261,-0.004050618458013878,-0.002499885881671281,2e-05
2022-05-12,0.008865841637788793,0.009112175511058782,0.0055883866974188,2e-05
2022-05-13,0.0031997342601210155,0.0045967420924393826,0.004353087611684816,2e-05
2022-05-16,-0.007067721616714766,0.0040092437238637545,0.0004392836213365207,2e-05
2022-05-17,0.01771414618825277,0.003829607878725828,-0.0018030652676993112,2e-05
2022-05-18,-0.004987829058836909,-0.0001234955153127617,0.005180948340534319,2e-05
2022-05-19,0.0006852920876512159,0.0012853376951650211,-4.878929917925815e-05,2e-05
2022-05-20,0.003526961372143211,-0.007011107483193905,-0.004041350194592289,2e-05
2022-05-23,-0.007135991209543363,-0.013018651872503405,-0.008531243387422758,2e-05
2022-05-24,0.005953635520799153,0.0010004867820701444,-0.0021565724694784134,2e-05
2022-05-25,-0.006101428165976693,0.0020439415376328663,0.0038232180858630434,2e-05
2022-05-26,-0.0046396598665945105,0.007355587410552266,0.011432693447715449,2e-05
2022-05-27,0.016651711677640096,0.009528014896494205,0.00035805173094737963,2e-05
2022-05-30,-0.012187032630149197,0.00951999090999368,-0.0037767775756015216,2e-05
2022-05-31,-0.02865336397115388,-0.0058881415597632665,-0.00587482604142107,2e-05
2022-06-01,0.019631243940142734,-0.002013590209698616,0.0028097744815279943,2e-05
2022-06-02,0.03089193543128404,0.002982005775288277,-0.008773080261921343,2e-05
2022-06-03,-0.004563231185391982,0.015291428066453065,0.0028017255070244412,2e-05
2022-06-06,-0.02294205648744222,0.008980595222283496,0.004138558031314561,2e-05
2022-06-07,-0.0034258077143513254,0.006816382971990282,0.0022313972661643206,2e-05
2022-06-08,-0.003134675398088031,-0.0022267277332957435,-0.0010483083596927872,2e-05
2022-06-09,-0.0019790860922670847,-0.005199197786930747,0.002874703267734073,2e-05
2022-06-10,-0.013060656503062179,0.0048334473002994375,0.0009046918556414998,2e-05
2022-06-13,0.007254733709717728,-0.0065039675854061604,-0.003840619209302959,2e-05
2022-06-14,0.006594088503433034,-0.001330618105881816,0.009302061611875129,2e-05
2022-06-15,-0.017632867437831677,-0.0005886676940115358,-0.0017083968980525818,2e-05
2022-06-16,0.008690360780338654,0.009657472534736847,0.003928761502249547,2e-05
2022-06-17,0.024932219783350695,-0.0020281838177580655,-0.012043071413478573,2e-05
2022-06-20,0.002363523989244718,-0.014535497831435694,0.006432354413904645,2e-05
2022-06-21,-0.0037479019448220727,0.0031266678859748097,0.0073938187232729085,2e-05
2022-06-22,-0.0014040385728902559,-0.004094131118623558,0.0001991689356331911,2e-05
2022-06-23,0.007683081203622735,0.0003557861466264809,0.0028438551736887927,2e-05
2022-06-24,-0.02046805926608662,-0.0004202282050527419,0.0028425759080378137,2e-05
2022-06-27,0.002272688435727627,-0.0015422239749066096,-0.003163917848203621,2e-05
2022-06-28,-0.004385567393553722,0.004842043490708224,0.0027856115271967016,2e-05
2022-06-29,0.022473900155472546,-0.009097189270116244,-0.003993152349362777,2e-05
2022-06-30,-0.0017900728056594946,-0.0030020853497261615,-0.0029937846182266302,2e-05
2022-07-01,0.020314651333434238,0.004204227478704288,0.005684715716061493,2e-05
2022-07-04,-0.012944888373384087,-0.0035845086520662098,0.004923288453501013,2e-05
2022-07-05,0.007347110001633507,-0.009552840255619833,-0.0034818775105789628,2e-05
2022-07-06,0.004132803165494746,0.004111332059540416,-0.003617881717505203,2e-05
2022-07-07,-0.010128566974377388,0.006838567782649235,-0.0031779830122883605,2e-05
2022-07-08,0.002428753375643285,-0.00016997124585803802,0.003713197832327454,2e-05
2022-07-11,0.014850226041979206,-0.011665073590817195,-0.004949923904051986,2e-05
2022-07-12,-0.0035855004514392086,0.0043358184801928976,0.0018335631951797628,2e-05
2022-07-13,-0.02000355179003716,-0.009859327288518129,0.0037842340531714733,2e-05
2022-07-14,8.924608227064905e-05,0.0019527956610889943,-0.00039122725146550056,2e-05
2022-07-15,-0.010529077137510152,-0.005224782948452958,0.005100318484324638,2e-05
2022-07-18,-0.0038080912639665886,-0.006859035714601791,-0.0014715508474489624,2e-05
2022-07-19,-0.0006790532362214519,-0.002551460102478141,-0.001019278004969572,2e-05
2022-07-20,-0.020167826592186206,-0.000999785338563559,-0.004836231155659283,2e-05
2022-07-21,-0.019087900071848136,-0.0037652495023186897,0.005135886738101027,2e-05
2022-07-22,0.006084802026306303,0.003632219669290904,-0.0037826022348943517,2e-05
2022-07-25,-0.005972624354036164,-0.0025764162707530027,0.001798859088575296,2e-05
2022-07-26,-0.030476932101846804,0.005981145230030932,-0.0003065803356296738,2e-05
2022-07-27,0.00971812843929762,0.0017870389938608768,-0.005213915315558313,2e-05
2022-07-28,0.003568437063290878,-0.004085343239577848,-0.0029955157191166037,2e-05
2022-07-29,-0.008266497888437807,-0.005095639302993715,0.00696436119520367,2e-05
2022-08-01,-0.015501962532698898,-0.009784977794284633,0.0010582877131724026,2e-05
2022-08-02,0.010329694755772046,0.0018443990672009345,-0.00499575170683421,2e-05
2022-08-03,0.004492207470725155,-0.002027525283508149,0.001576641436743459,2e-05
2022-08-04,0.028891227392208882,-0.014133173168381087,-0.0006805701579727255,2e-05
2022-08-05,0.005342263184699248,-0.003114289236616401,0.017320232011220908,2e-05
2022-08-08,0.004952437695144178,-0.0053062041755297116,0.001475619206711362,2e-05
2022-08-09,-0.0017031351613027816,0.00955406555302396,-0.0018531242353318227,2e-05
2022-08-10,0.010101310406409492,-0.010116671671359859,0.007150139588935521,2e-05
2022-08-11,0.007801022414977844,-0.008548104798404323,-0.009155180836464228,2e-05
2022-08-12,0.01532070010278234,0.006759817858634199,0.0005216007819054873,2e-05
2022-08-15,-0.005955875023647418,0.008240578944783779,0.010022142473405363,2e-05
2022-08-16,-0.004924889675327548,-0.004369897632353848,-0.0005309964217987703,2e-05
2022-08-17,-0.005449238050943762,-0.0036925149368534655,-0.008616505223240395,2e-05
2022-08-18,0.00978962065414787,0.0037974123793198767,-0.0019295898220529886,2e-05
2022-08-19,0.018280493283560788,-0.013862598781671863,0.007322590204795184,2e-05
2022-08-22,-0.0052060859177916075,-0.011067162107033337,0.0019303479816038557,2e-05
2022-08-23,-0.004797284733517095,-0.0015844004051042712,-0.004144280547562589,2e-05
2022-08-24,0.00406892668643759,0.009399343396774756,-0.00337621403589512,2e-05
2022-08-25,-0.0026491380001548172,-0.0025143805290004377,-0.002748501355749067,2e-05
2022-08-26,0.01172464383767868,0.0007056207504109277,0.0018559894202699809,2e-05
2022-08-29,-0.02672132748742856,0.006902735635384072,0.006740980664693265,2e-05
2022-08-30,-0.009620460563002736,0.012741308399668876,0.005312115063995855,2e-05
2022-08-31,-0.00908899600753735,-0.0033610908388898757,0.0023300609105456425,2e-05
2022-09-01,-0.02754427214863374,-1.0203424005563404e-06,-0.006608223800287417,2e-05
2022-09-02,-0.011263661332425649,0.011032331328057055,-0.006589662569967207,2e-05
2022-09-05,-0.010681873390151114,-0.009033195651148572,0.0027162601060688168,2e-05
2022-09-06,-0.002113255854225964,0.006265486423322931,-0.006677355489664472,2e-05
2022-09-07,0.013655590699923163,-0.00600989319416755,-0.0010778351053430215,2e-05
2022-09-08,-0.0026407278142884286,0.0007148342026189404,0.0015707522309308848,2e-05
2022-09-09,-0.012069764643253846,-0.0013557142844016455,-0.005637969976813444,2e-05
2022-09-12,-0.0003834544945623478,-0.0056480696042073755,-0.0050713116717943174,2e-05
2022-09-13,0.012890083457296192,-0.00579861156594965,-0.0004206053228390933,2e-05
2022-09-14,-0.011411505793378858,0.0017584861855225269,0.002568251437620269,2e-05
2022-09-15,-0.010626898607057383,0.006073235968976093,0.0053575938520687835,2e-05
2022-09-16,0.007002587511290681,-0.0006784172191310192,0.0030852671738527595,2e-05
2022-09-19,-0.0023584333887696064,0.0005206789523992982,0.00041828297496097265,2e-05
2022-09-20,0.008069816288513693,0.003527044397746283,-0.0036809737677852465,2e-05
2022-09-21,0.00013623849845643884,-0.005729712638077759,-0.005304534979222597,2e-05
2022-09-22,0.008719963777074805,0.004538155050477538,-0.002504385441645738,2e-05
2022-09-23,-0.01212093736848769,0.005016058582358482,0.002099677924902836,2e-05
2022-09-26,0.00015498419054079068,0.01572175779250246,0.0017331185331367143,2e-05
2022-09-27,-0.002228280172357882,-0.002156625143357494,-0.010449509928625613,2e-05
2022-09-28,-0.014290691089249569,-0.002648490810008766,-0.003878385141337515,2e-05
2022-09-29,-0.01846173537442426,0.0047137952294424735,0.006072537758030779,2e-05
2022-09-30,0.008528988423295941,0.0050146250134728305,0.0004460752390206972,2e-05
2022-10-03,-0.0039114285866157375,-0.003110522920260272,-0.00703504456551493,2e-05
2022-10-04,-0.011967363379767955,-0.0023189760615802933,0.011829105907990757,2e-05
2022-10-05,-0.0008541472430799871,0.0033467850293082426,-9.470866157382322e-05,2e-05
2022-10-06,0.013836226288191632,-0.004865505444407968,0.00197166979656704,2e-05
2022-10-07,-0.027068854144463073,-0.0023632039280900895,0.0020476237802256724,2e-05
2022-10-10,-0.017659664278839915,0.0006375566042106079,-0.0017879773308009305,2e-05
2022-10-11,-0.01077463730274321,0.006075632108933549,-0.003587868409106971,2e-05
2022-10-12,0.01783414640064395,-0.003527591697077245,0.010658374925329702,2e-05
2022-10-13,0.003691043795031558,-0.010954306772184032,0.005066029348088753,2e-05
2022-10-14,0.009507806885534723,-0.011399584805109267,0.004159686005543383,2e-05
2022-10-17,-0.013381931029514767,-0.0074564784002368,0.0029314459585910537,2e-05
2022-10-18,-0.013134430503246315,-0.007779006309199623,-0.004966586951808423,2e-05
2022-10-19,0.005673764600672525,-0.0008276645517194542,0.006437650958701369,2e-05
2022-10-20,0.0009992919712253586,-0.00703328092158563,-0.004165663290058747,2e-05
2022-10-21,0.006884865826369519,-0.004116529758927224,0.0014664339907532286,2e-05
2022-10-24,-0.0019520518911414256,-0.004544515309892298,-0.008146949527322844,2e-05
2022-10-25,0.003637724717455524,-0.0025430471650879608,-0.010154294253237599,2e-05
2022-10-26,0.00219742901886131,0.008035025989138734,0.0016414560132655737,2e-05
2022-10-27,0.009633208669019105,0.0040716855365831,-0.003995496335974541,2e-05
2022-10-28,0.009984099383333648,0.00019677649165602325,-0.009895837856486366,2e-05
2022-10-31,-0.019138463932701237,-0.0026661576834850287,0.002753047514735378,2e-05
2022-11-01,-0.026667222664090266,-0.0024993959397381273,0.010650403855253945,2e-05
2022-11-02,0.012320944771818085,0.002066478819711697,0.006997801292900309,2e-05
2022-11-03,0.014552701119143238,0.003605014440113741,-0.0012365894263283625,2e-05
2022-11-04,-0.01194747623416005,-0.005345705036603602,9.42265334847286e-05,2e-05
2022-11-07,-0.02201802487854754,0.0003188845336853889,0.004488531283919566,2e-05
2022-11-08,0.0014884178520864109,-0.012089717411978163,0.005660640099174534,2e-05
2022-11-09,0.011470058716206353,0.0013702827050235823,-0.0016676785941284937,2e-05
2022-11-10,0.02187113426921178,0.0046728954517521164,0.00022088857862287146,2e-05
2022-11-11,0.006495570865217412,-0.0015804117612852524,0.0015530740338226823,2e-05
2022-11-14,-0.00416060035902834,0.010999161976840631,0.0028193816013941594,2e-05
2022-11-15,-0.010417567459018352,-0.005187430684616302,-0.0006153822100563346,2e-05
2022-11-16,0.000437415500047853,0.0014046424918195677,-0.0005504262253437213,2e-05
2022-11-17,-0.003291176446623077,-0.00011494847999573284,0.00694916164877194,2e-05
2022-11-18,-0.011880814868745794,-0.0005017860046604499,0.006097603512214431,2e-05
2022-11-21,0.024885067810359443,-0.0005859330080284858,0.0024370528671804415,2e-05
2022-11-22,0.021722020824865573,0.0007426301800568301,0.008645545350114643,2e-05
2022-11-23,0.013932584202665141,0.005187752460782199,-0.0018822288111320852,2e-05
2022-11-24,-0.010750204773709532,0.008366417417648465,0.008164867243146903,2e-05
2022-11-25,0.010560231891567346,8.649853297505566e-05,0.0027625772176777526,2e-05
2022-11-28,0.007975516913974823,0.0049918964330297995,0.01640513061107295,2e-05
2022-11-29,0.005610547490448635,-0.0041106016776006945,-0.005912409633912389,2e-05
2022-11-30,0.015295983204525326,0.004695732716357398,-0.003396726261086708,2e-05
2022-12-01,0.007924453714335328,-0.004471949142961942,0.0021439891410027384,2e-05
2022-12-02,0.009180170835652026,0.006643959616528794,0.0020361702648949596,2e-05
2022-12-05,0.007942875400466521,0.013363845264359436,0.009800694920875092,2e-05
2022-12-06,0.004389496896025271,-0.0006325033278283507,-0.003291873416497669,2e-05
2022-12-07,-0.0211033335565702,-0.013055260944844452,0.004574592593469421,2e-05
2022-12-08,0.0013034529289266867,-0.003188437599468938,0.005862315023409979,2e-05
2022-12-09,-0.006374303506189502,0.00749125080573582,0.0035732391611032377,2e-05
2022-12-12,-0.015058091491680246,0.003418460722151469,-0.0047549817096216,2e-05
2022-12-13,0.02048179943160989,0.0015934815920501774,0.00708879402627099,2e-05
2022-12-14,0.021047944090628445,0.006152010135729035,0.006196624656577068,2e-05
2022-12-15,0.016610647203547345,0.0030067206354905318,0.0030479225989518874,2e-05
2022-12-16,0.0033625610022704954,0.007406351124706818,0.0010717384360447706,2e-05
2022-12-19,0.016507501451431882,0.005616542059881914,0.0011805400502218563,2e-05
2022-12-20,0.0004446381672219065,0.009230202716421753,-0.0003436789611968886,2e-05
2022-12-21,0.0027335673227733524,0.0022527765034375258,0.0032539256712632095,2e-05
2022-12-22,-0.012821656445543795,0.005531556408963728,0.00020567426472488777,2e-05
2022-12-23,0.00506389565398608,-0.0017427624385147125,-0.004192624876763207,2e-05
2022-12-26,0.0010246311410930051,-0.0035087648693540355,-0.005192958224137961,2e-05
2022-12-27,-0.015331825402013574,0.01034060584251384,-0.0037101812682614603,2e-05
2022-12-28,-0.00031436534179916286,0.0013972280579361283,0.0011606612127472587,2e-05
2022-12-29,-0.0006567547662817018,0.004929283395174274,-8.477918217603662e-05,2e-05
2022-12-30,0.021870733999735683,0.000842440086468341,0.001126718966443746,2e-05
2023-01-02,0.011030559942160914,-0.0034190939055197857,0.002554065667730555,2e-05
2023-01-03,0.0004373452690975922,0.00016589735549440795,-0.0030866046295843948,2e-05
2023-01-04,0.003285447717612996,0.008715964106606284,0.0073783008417267395,2e-05
2023-01-05,0.0008305485372503767,0.003431440445676544,-0.001288554135237372,2e-05
2023-01-06,-0.0021349678175465727,-0.010168838958382755,-0.0021171349239075448,2e-05
2023-01-09,-0.012689126368659442,-0.0011914667394569282,0.002461931186662262,2e-05
2023-01-10,-0.0015126225312831513,0.010793762756228271,-0.009132551011875364,2e-05
2023-01-11,-0.00865317907983016,-0.0011827811710997363,-0.0039026722486145966,2e-05
2023-01-12,-0.014703786467077757,-0.010702872150405085,0.004955363993459165,2e-05
2023-01-13,0.006434661774570416,0.011458293312535261,-0.008637109645310554,2e-05
2023-01-16,0.00499517591919882,0.004194355058876756,0.005637870984665779,2e-05
2023-01-17,-0.021140490136416935,-0.00032007715287680235,0.007605682831795674,2e-05
2023-01-18,-0.0011722156499415267,-0.002128506416492412,-0.0017972766891187419,2e-05
2023-01-19,0.012248416630799083,0.006594111578750413,0.0015090638371315502,2e-05
2023-01-20,0.01301068486675585,-0.0031519004013571554,0.005645435424255133,2e-05
2023-01-23,0.012610042114622865,0.00698953854709593,-0.0022839459402175986,2e-05
2023-01-24,0.0007669584828175176,0.003353171714345536,0.004388877602630907,2e-05
2023-01-25,-0.009840543935629813,0.0015680915529240997,-0.003305743975653358,2e-05
2023-01-26,-0.012704385928296726,0.0009730888320135722,-0.0023380114666658965,2e-05
2023-01-27,0.00443525885700429,-0.0009498082202850687,-0.003946682321624869,2e-05
2023-01-30,0.004851360412381956,0.006373840721255595,0.001763235995974017,2e-05
2023-01-31,0.015747973339260785,-0.005092056992611005,0.005839845262827747,2e-05
2023-02-01,0.013499755804105004,-0.009631550760981256,-0.0008705646605858214,2e-05
2023-02-02,-0.0012867438783740655,0.0037866407373548477,-0.006306245799562017,2e-05
2023-02-03,-0.014630470546330434,0.0038874299684028865,-0.005363534111434079,2e-05
2023-02-06,-0.0035292791641307743,0.0029814469150706,0.002022997106852702,2e-05
2023-02-07,0.002906774337726296,0.002546370217708233,0.009270582066971346,2e-05
2023-02-08,-0.002124998944672849,-0.001823242270025287,0.002018624996571988,2e-05
2023-02-09,-0.00663472929693187,0.004824896226313152,-0.0018844827532562634,2e-05
2023-02-10,0.003334617779638787,-0.00017334876052724527,0.0038809198342514206,2e-05
2023-02-13,-0.005747492896927326,-0.002822681364891069,-0.0011474931779337318,2e-05
2023-02-14,-0.007236793004704488,-0.0017713478735323993,-0.001841426086821032,2e-05
2023-02-15,0.004037434011641275,0.012223838192654992,-0.004742295528476319,2e-05
2023-02-16,-0.004523910961550458,-0.010309856492272597,0.007092244221231779,2e-05
2023-02-17,0.0032292526677402257,0.003098728625774793,-0.012646039587478319,2e-05
2023-02-20,0.0035784482742254723,-0.009974662565742304,0.004039296001396346,2e-05
2023-02-21,-0.013373148013098897,-0.0005494000299378393,-0.0022687246889876844,2e-05
2023-02-22,-0.005474893486384946,-0.002501764910925126,-0.0020017036572580636,2e-05
2023-02-23,0.01755332327899755,-0.012410169780079269,0.008511575780589063,2e-05
2023-02-24,-0.013644954152811445,0.002434225542602578,-0.0035206554610002568,2e-05
2023-02-27,-0.02509985338764637,-0.0021802283731531757,-0.0033503457701420506,2e-05
2023-02-28,-0.022042141838910137,-0.012495238055367465,-0.0006019711945976518,2e-05
2023-03-01,0.0006493193589200304,0.005137408544645513,0.0021192369290611913,2e-05
2023-03-02,0.0006710073363923869,0.008710037067933609,-0.002159278911464347,2e-05
2023-03-03,-0.0011113302651014514,0.009040746053779431,-0.007819294652679427,2e-05
2023-03-06,0.014870277947142019,0.002253738643908827,-0.004278490904408828,2e-05
2023-03-07,-0.03177401319723525,0.00037634883146269295,0.006456669282322597,2e-05
2023-03-08,0.005051206493169883,0.008068939725374782,0.00042388394567755727,2e-05
2023-03-09,0.01903725842164288,0.01019430151204059,0.0023054364185191105,2e-05
2023-03-10,-0.013233369178700568,0.00690141221725375,-0.001257106035865188,2e-05
2023-03-13,-0.004257678141478741,-0.005549225613378807,-0.003247488480866348,2e-05
2023-03-14,-0.008734703006743451,0.0013080691192895314,0.008437847249377056,2e-05
2023-03-15,-0.010432152552930346,0.0027370968657485714,-0.0008909592852554033,2e-05
2023-03-16,-0.00361514406027648,-0.010757701813503375,-0.0021668493976356343,2e-05
2023-03-17,0.01742982340421406,0.0029161639577246446,0.005530711831776698,2e-05
2023-03-20,0.022348640105850245,0.013737950955876333,-0.0035618017943369264,2e-05
2023-03-21,-0.0037312707004817725,0.003939616994804748,-0.0029236367188699834,2e-05
2023-03-22,0.023160722568773644,0.008940478488650537,0.00010123342008449002,2e-05
2023-03-23,0.0007269177238154983,0.0011974883807722304,5.135052044089851e-05,2e-05
2023-03-24,0.021344292320412975,-0.00033930994390292895,0.001348056739516072,2e-05
2023-03-27,-0.0008195837958419013,0.0023876283404858528,0.01050834544697744,2e-05
2023-03-28,0.0018726939125537315,-0.004794959887906595,0.0017312412317618522,2e-05
2023-03-29,0.004685693671714015,-0.0056826511234063315,-0.011840269813754002,2e-05
2023-03-30,0.03844624415241043,0.007697827343016194,0.0016814947171578045,2e-05
2023-03-31,0.010515426898137469,0.008334054057199109,0.00023939997244799412,2e-05
2023-04-03,-0.008187174359417564,-0.005846637893524102,0.0002672501217572883,2e-05
2023-04-04,0.011927974443310296,0.005907992827323187,0.0012797365469808535,2e-05
2023-04-05,-0.004041990445012098,-0.00042175985363612545,-9.33914383739969e-05,2e-05
2023-04-06,-0.00557700219481451,0.0021388514469425834,-0.00021306046527694503,2e-05
2023-04-07,0.011203216318705335,0.0028613118366103804,0.003115221048853931,2e-05
2023-04-10,0.0006730270532538334,0.006066102808745911,-0.0026604039859725046,2e-05
2023-04-11,0.0036429109741416728,0.0005963092111791333,-0.004688431678195879,2e-05
2023-04-12,0.0004678226623835095,0.008560971971811616,0.015168907263111956,2e-05
2023-04-13,0.004338997519265217,0.0019564770385595482,-0.003529287218906167,2e-05
2023-04-14,0.0053995907692337905,0.0038451056348171955,0.0005507145623003824,2e-05
2023-04-17,-0.02294360319246498,-0.004899575549223479,-0.007428301254376837,2e-05
2023-04-18,0.008298872023314403,0.013051954064229003,0.0006323420752571096,2e-05
2023-04-19,-0.011484233037963608,0.002918949539229798,-0.004616127753446676,2e-05
2023-04-20,-0.017007589626712935,0.0043779845520705955,-0.0021623647142500545,2e-05
2023-04-21,-0.00040093492630418937,-0.00954911486726925,0.005275323328855619,2e-05
2023-04-24,0.001307772039773451,-0.004836212138474606,0.002410047841890369,2e-05
2023-04-25,-0.00802207397486737,0.007527302127512383,0.0028920476228740956,2e-05
2023-04-26,0.010272382292015693,0.0018213467097556283,-0.008806024191959314,2e-05
2023-04-27,-0.015806101996450883,-0.011382678408973557,0.009234475849145064,2e-05
2023-04-28,-0.004583324985270708,0.006329739573902915,-0.005909406554709376,2e-05
2023-05-01,-0.006718489619196008,-0.0031626968261163407,0.0076928040714693245,2e-05
2023-05-02,-0.0002590472440720725,0.008567901915260271,0.00515771932990743,2e-05
2023-05-03,0.003646371415766865,-0.000427014071622198,0.0029366637089234004,2e-05
2023-05-04,-0.011794715395482536,0.0013282401161231797,-0.004224923904541908,2e-05
2023-05-05,0.008991392129474739,0.007173727471549891,0.0008079492240976147,2e-05
2023-05-08,0.0010560284200163968,-0.005284957825127974,-0.002304607053224299,2e-05
2023-05-09,-0.022403355039742924,-0.005857080847003638,0.00019519785752645908,2e-05
2023-05-10,-0.02320309728476437,-0.001078990522388644,-0.0011993612954277995,2e-05
2023-05-11,0.00015216848484826516,0.005063036797727333,-0.010143052532862042,2e-05
2023-05-12,-0.0023516078134362493,-0.007885263515680944,0.00565892075492294,2e-05
2023-05-15,-0.0009410413628956021,-0.00990820759933458,-0.0003555357827468058,2e-05
2023-05-16,-3.578947836261579e-05,0.005042325562262754,-0.002374001997511185,2e-05
2023-05-17,0.0030067180741221687,-0.003517869875402023,-0.0027516361641488386,2e-05
2023-05-18,0.011671795318179596,-0.002253356077521699,0.0018422978818338409,2e-05
2023-05-19,-0.013033258811010699,-0.011040862411640996,-0.004418781691472361,2e-05
2023-05-22,-0.013763659114809538,-0.003973875886111892,-0.011225877792370217,2e-05
2023-05-23,-0.012819886294648591,5.459622021309619e-05,0.0020856490160413806,2e-05
2023-05-24,0.003767000006024483,0.005682267145737353,0.0026455149897841087,2e-05
2023-05-25,0.015239368543757346,-0.004527380997407833,-0.0009481591233881644,2e-05
2023-05-26,-0.004876073258874126,0.01004425672139498,-0.005689514375950045,2e-05
2023-05-29,-0.029720398129915854,-0.004007336145078803,0.0004946777044464267,2e-05
2023-05-30,-0.020147914351324504,-0.003998550809511048,-0.0072726618415679435,2e-05
2023-05-31,-0.00969644067355214,0.009324145311386813,-0.005086152983438297,2e-05
2023-06-01,-0.0063927466499425776,0.001368760914183503,-0.003703489682520806,2e-05
2023-06-02,-0.004600663527056717,-0.00321214837406946,0.00426969535445778,2e-05
2023-06-05,0.0007629734757710047,-0.0008307987870835605,-0.0017630547521845857,2e-05
2023-06-06,-0.0034409559698693657,0.008218441465252356,-0.0021893320588823027,2e-05
2023-06-07,0.012892075326520886,0.008897216917754091,0.00982346257705623,2e-05
2023-06-08,-0.0078122076681764255,-0.004800759075621536,0.0018123124859435696,2e-05
2023-06-09,-0.010047815513706516,-0.00015460286047464932,0.0017449725523741302,2e-05
2023-06-12,0.00604650646224554,0.0006409409660054385,-0.0017985037260438745,2e-05
2023-06-13,-0.01812770483911343,-0.005817440663099585,-0.0029318583381838887,2e-05
2023-06-14,0.004976300463840027,-0.00023411031589996585,-0.010882032200085753,2e-05
2023-06-15,0.0015306382047152022,0.00013193716271020294,0.004893702659617791,2e-05
2023-06-16,-0.001469309879018009,0.0069412568736204145,0.002291548528781896,2e-05
2023-06-19,0.01935931328579115,0.007344550169867206,-0.0008458299660670667,2e-05
2023-06-20,-0.007166489343536616,-0.0018752563901540482,-0.0006361335091812787,2e-05
2023-06-21,0.025023578046288943,-0.0011837188631648701,0.0037307213113052756,2e-05
2023-06-22,-0.002405177390737192,0.004085753812333814,-0.0077235503653992656,2e-05
2023-06-23,-0.015024197339642739,-0.0034111306935620694,-0.0028994066577690274,2e-05
2023-06-26,0.0011390349719379036,0.003631840910424416,-0.005631514314462653,2e-05
2023-06-27,-0.012614942403825219,-0.0004274389242152884,0.008907546412433732,2e-05
2023-06-28,-0.008721070173762004,-0.005716391466431724,0.004428277659266503,2e-05
2023-06-29,0.005064399600185894,-0.0056410202772778795,-0.010963463205676822,2e-05
2023-06-30,0.006966985063801498,0.008782352176186612,-0.007518808133199878,2e-05
2023-07-03,-0.007166012403051098,-0.0008385288748597916,-0.0006117283667874314,2e-05
2023-07-04,0.012148861740556807,0.009942124563389866,-0.0023122010603621236,2e-05
2023-07-05,0.014190093096253607,-0.002981817564289461,-0.006571911040384442,2e-05
2023-07-06,0.017535621078759493,0.0018472312067889605,0.009773811188252447,2e-05
2023-07-07,0.006652960885508666,0.014456060338109448,0.001612699569912896,2e-05
2023-07-10,0.016661144545028386,-0.006244320467979675,0.0024240816143154577,2e-05
2023-07-11,-0.022269581135688693,-0.01128688699939866,-0.003410074746161069,2e-05
2023-07-12,-0.003514878583541551,0.007819540787723398,0.0036613707358900123,2e-05
2023-07-13,-0.010104063075881116,-0.004860854632358441,-0.0018521638049100592,2e-05
2023-07-14,0.001730710333528705,-2.423818463740265e-05,-0.001366715868537497,2e-05
2023-07-17,-0.0065573906303608475,-0.0034155092627095097,0.0031050097991262996,2e-05
2023-07-18,-0.0016938941033967886,0.0017089766857318967,-0.008094987825301499,2e-05
2023-07-19,0.022886098562448595,-0.005603217243114453,0.008035139299254913,2e-05
2023-07-20,-0.0017366375570445395,-0.0009796405272998365,0.000961946073619379,2e-05
2023-07-21,0.005265507806282567,0.0027988919593392053,0.006454721043902122,2e-05
2023-07-24,-0.0024872319590908227,-0.005949853317645572,-0.005327098783094093,2e-05
2023-07-25,0.001208559455482004,-0.004100504177875333,-0.004565825620140965,2e-05
2023-07-26,0.0003722001652328575,-0.001984297001591191,-0.005759501107999061,2e-05
2023-07-27,0.005679888791677914,-0.00847289260535767,0.0013014883633241942,2e-05
2023-07-28,0.014283690426566123,-0.0024353658967924785,0.00037991650959123043,2e-05
2023-07-31,0.020068727971239955,0.0008127792394174112,-0.0022720590961559026,2e-05
2023-08-01,0.004015440982910002,-0.002297293649530571,-0.005020345964426397,2e-05
2023-08-02,0.0073745626324272255,-0.0015282589575903473,-0.006282981348654212,2e-05
2023-08-03,-0.013510374110226804,-1.941002543951213e-05,-0.00019241950235327992,2e-05
2023-08-04,-0.000754520908987447,-0.003834460774593884,-0.0022779338979430006,2e-05
2023-08-07,0.011583473578603069,0.004246375395201263,-0.0033780349617913113,2e-05
2023-08-08,0.01069162366100584,0.008715868748810654,0.0077854474306580474,2e-05
2023-08-09,0.0028393167935406027,-0.002686282353172691,-0.00036162839096366955,2e-05
2023-08-10,0.010936727514815428,0.003011189388866242,0.006400214669634626,2e-05
2023-08-11,0.006189200507925826,-0.0013377029326078816,-0.002616260913413483,2e-05
2023-08-14,0.014703675099111859,0.002292924070231028,0.0012738814189932842,2e-05
2023-08-15,0.0037723098834853332,0.009494677187219525,-0.00022738008128167446,2e-05
2023-08-16,-0.003968379786852416,0.0031519572581085926,-0.008438111547590613,2e-05
2023-08-17,0.004330095083196284,-0.010540487232858085,0.007191691531319564,2e-05
2023-08-18,-0.03486713251023331,0.0028239737886817536,-0.0006257680351620794,2e-05
2023-08-21,0.004894628836620594,0.007497182459854056,0.0037820910981648027,2e-05
2023-08-22,-0.043480953902577404,-0.0012295770199886162,-0.003710143612307797,2e-05
2023-08-23,-0.020381560888865016,0.0060738088367069945,-0.0007742219078988231,2e-05
2023-08-24,0.00572122321129181,-0.004040693246911676,-0.004284261799616774,2e-05
2023-08-25,0.006030352047201543,-0.008813234957133643,0.006229992413816967,2e-05
2023-08-28,-0.013649145361679165,0.000947014112995841,0.0016070467372533786,2e-05
2023-08-29,-0.008245224502547265,-0.010438860324477885,0.0018852676334044406,2e-05
2023-08-30,0.016746491863369586,-0.0013386260773615506,0.006840920735524895,2e-05
2023-08-31,-0.005508361578872114,0.007821053575873017,0.005831706484495115,2e-05
2023-09-01,0.027215043748835824,-0.011358577434477686,0.003876712680681427,2e-05
2023-09-04,0.0002769617618838462,-0.007576980775483387,-0.007058636735187314,2e-05
2023-09-05,0.0051964341225752015,-0.006092193470969465,-0.003428395597583418,2e-05
2023-09-06,0.019702492781983293,-0.0002799191582657598,-0.004969440680056764,2e-05
2023-09-07,0.0018723253943210346,-0.002094300713877256,0.0036876684681289964,2e-05
2023-09-08,-0.011728127768289616,0.008494818290176523,0.0009032597087502571,2e-05
2023-09-11,-0.0010167294203314815,0.005826089974550185,-0.006902562168152974,2e-05
2023-09-12,-0.00012732883428109122,0.0030716376764115877,-0.0008937210650561377,2e-05
2023-09-13,-0.016076899826418783,0.0009737818860633089,-0.007420561678593893,2e-05
2023-09-14,-0.0027699848560898805,0.0024593786619089637,-0.00021578244034879942,2e-05
2023-09-15,-0.008606305127969241,-0.005071894131880249,-0.008226862519935924,2e-05
2023-09-18,0.011392293086249209,0.005243262121339674,0.0026941374669230645,2e-05
2023-09-19,0.0007153424902230673,-0.006572265526155206,0.0019398131301703676,2e-05
2023-09-20,-0.0030935489897708406,0.005112261963413385,0.009589742466734408,2e-05
2023-09-21,-0.0009741831674709152,0.007216855012712986,0.004289366447486712,2e-05
2023-09-22,0.0029774642208739936,0.0013651876125285233,-0.0020645712791125138,2e-05
2023-09-25,0.007701770396277357,-0.0009572783537718551,0.0041403504663724295,2e-05
2023-09-26,-0.011696546744032577,0.0025018594498580396,-0.006938319404725893,2e-05
2023-09-27,-0.012199051591455262,-0.01706911022060404,-0.004762363018405428,2e-05
2023-09-28,0.01355615058483036,0.0019135493109127676,0.0017157126603755501,2e-05
2023-09-29,-0.004648042466456767,-0.0005801239870388421,-0.010741248313739637,2e-05
2023-10-02,-0.016702105111162487,-0.00020376867834194615,-0.0001358039246694152,2e-05
2023-10-03,0.005625752512597256,0.0043391950773869654,-0.005051316460592104,2e-05
2023-10-04,0.005860437672392243,-0.00034861352938836686,0.0005565352757663178,2e-05
2023-10-05,-0.018068583087080477,-0.006741241139906948,-0.005338681790236318,2e-05
2023-10-06,0.0030537805855632757,-0.0007484160249522682,0.002171240687275944,2e-05
2023-10-09,0.009126997109140483,0.0005053329044849468,0.0001466371183369481,2e-05
2023-10-10,0.004792637420475157,0.0007896034694860765,0.007051829584406652,2e-05
2023-10-11,0.007883777805136744,0.0010715162037104084,8.367267050811062e-05,2e-05
2023-10-12,-0.016551229177088986,0.00633621426951132,-0.0037932140248073316,2e-05
2023-10-13,0.004272481859954347,-0.006416207318204885,-0.0011844292791364146,2e-05
2023-10-16,-0.0033314371136453588,0.0011542027369890995,-0.006671181985083658,2e-05
2023-10-17,-0.005493481904695738,0.007839578191709445,0.0020806862735272,2e-05
2023-10-18,0.010746667313036718,-0.010307668981623172,0.0029992512315763615,2e-05
2023-10-19,0.018051294128090763,0.0011778800846803214,0.012395980183464089,2e-05
2023-10-20,0.02183244065520431,-0.0034122710118382605,-0.0030591799530220237,2e-05
2023-10-23,0.016077694458070863,-0.00212426230683863,-0.0012889728683759137,2e-05
2023-10-24,-0.0010168101795622042,-0.005328845019286532,-0.002828792622191078,2e-05
2023-10-25,0.004532641956316117,-0.0009173042942026645,0.0011105685056561204,2e-05
2023-10-26,0.009501874461410924,0.011147533686561425,0.0019584526723980685,2e-05
2023-10-27,0.0017541353915935436,-0.007486582167063282,-0.00021687422214255387,2e-05
2023-10-30,0.0018691702549385324,-0.006917660014872964,0.0054816295843651604,2e-05
2023-10-31,0.010185037582514185,-0.0077116074209810275,-0.0030348975187738875,2e-05
2023-11-01,-0.0004113917523111866,0.010464509719768604,0.00498087023945356,2e-05
2023-11-02,-0.008451443236483938,-0.002674038233127722,0.0027424892682054126,2e-05
2023-11-03,-0.004673676790030302,-5.383436208604527e-05,-1.0149599494732618e-05,2e-05
2023-11-06,0.007906924532804909,-0.0023166976466374384,-0.0015246832037857274,2e-05
2023-11-07,0.00033591949439946875,-0.0055665372704185485,0.012183338793656847,2e-05
2023-11-08,0.004382519722420055,-0.0013109038796866124,-0.004035043253710398,2e-05
2023-11-09,0.008340950906426278,0.01484946163441936,0.0015396658848420733,2e-05
2023-11-10,-0.004198097554771315,0.00845242552584553,-0.0037010953512106627,2e-05
2023-11-13,0.009374977963557673,-0.005017626906753634,0.008978103743106529,2e-05
2023-11-14,0.004846111241500734,0.003985444618370114,0.004484131643996018,2e-05
2023-11-15,-0.014517757042937745,-0.004889136635998258,-0.0033417493942057203,2e-05
2023-11-16,0.017607657494234933,-0.010558205833077325,0.002612974967156142,2e-05
2023-11-17,-0.005708936925082994,0.006217065505987778,0.0013384786063827768,2e-05
2023-11-20,-0.019561144118222205,0.0070605570798613045,-0.0025331238098736937,2e-05
2023-11-21,-0.012240524515035628,0.006376313506287396,0.0038408210861408665,2e-05
2023-11-22,-0.011952541928139864,-0.0027191914953174365,0.001996526955522051,2e-05
2023-11-23,0.0009260798238904017,-0.0009006544040119173,0.0011284935694297613,2e-05
2023-11-24,-0.002986206066554846,0.00459859332194874,-0.0001595985562116438,2e-05
2023-11-27,-0.003741983611687115,0.002448976224088643,0.0022052724629982564,2e-05
2023-11-28,0.007736423585789747,-0.002261824827782266,0.0011969383074622972,2e-05
2023-11-29,0.004378504334312445,-0.009614430920708988,0.00034546666512508674,2e-05
2023-11-30,0.004092574447731435,0.0007832511648520736,-0.0031550795799378173,2e-05
2023-12-01,0.005217941487944312,0.00657405783541668,0.008518831203812463,2e-05
2023-12-04,0.007693616016026859,-0.007085529734204943,-0.0052020997167427354,2e-05
2023-12-05,-0.024995440101329314,0.003932556290055862,0.0021881810943987254,2e-05
2023-12-06,-0.004073259027173534,0.002089250170802156,-0.0015512037115071647,2e-05
2023-12-07,-0.025862520773873687,0.004600889579394002,0.008847736347246499,2e-05
2023-12-08,0.0007327191215735449,0.005331852998314044,-0.004467412686119204,2e-05
2023-12-11,0.00024440433330785613,-0.004066791451552118,-0.00362631630880166,2e-05
2023-12-12,0.012846387297476163,-0.009601756400989677,-0.004799090316309127,2e-05
2023-12-13,0.01455161271265345,-0.003101117154097276,0.0016673252547530514,2e-05
2023-12-14,0.002733300579028408,0.005434763905162045,-0.00681525329784321,2e-05
2023-12-15,-0.005704332928762798,-0.0031520234211558267,-0.0023426424737888313,2e-05
2023-12-18,0.006121933350548854,-0.004064259943145851,-0.010711829114271425,2e-05
2023-12-19,-0.006035011647891763,-0.010828102051547831,0.0012521067706404525,2e-05
2023-12-20,0.0002832881826798132,0.010615885327305634,-0.0024510742937813128,2e-05
2023-12-21,0.012133635803529214,0.00505428184855186,-0.0073902837196592654,2e-05
2023-12-22,-0.0063932561518730835,0.004719375887648587,0.005478047014870293,2e-05
2023-12-25,0.009968143670910012,0.005906352320676843,-0.006488334491924697,2e-05
2023-12-26,0.00842881642430763,0.00356025016926041,0.004034718450141076,2e-05
2023-12-27,-0.011157501805569858,-0.0013659731310771744,-0.003455204119939022,2e-05
2023-12-28,0.011986729538608812,-0.0008825846247332099,0.00805785688947713,2e-05
2023-12-29,0.008682796144458061,-0.0024653861875527493,0.003797752694630731,2e-05
2024-01-01,0.0015231106484718893,0.01590844452649,-0.004990239354370141,2e-05
2024-01-02,-0.008847881496331826,0.003435472187796655,-0.004535412761051532,2e-05
2024-01-03,-0.01001047222290684,-0.0026828026481086078,0.00307762602612155,2e-05
2024-01-04,-0.00615195092283627,0.002892980644997679,-0.0012618906535508342,2e-05
2024-01-05,0.00681113355950352,-0.005965213507137905,-0.0007967125351068278,2e-05
2024-01-08,-0.011167502008816775,0.009127040311535361,0.0064111943088604895,2e-05
2024-01-09,0.005550146983438439,-0.0038664145748428407,-0.0036934443668497825,2e-05
2024-01-10,-0.014601066346540712,0.0031065125957347945,0.0005064688608772724,2e-05
2024-01-11,-0.0021488230132661874,0.006495865778458807,0.004823138968261529,2e-05
2024-01-12,0.0016157730548881034,0.0024086112652299567,0.0040955874419280015,2e-05
2024-01-15,0.029641561740707003,0.0006668199509178293,-0.0007480633376033625,2e-05
2024-01-16,-0.016227787866244407,0.00016481250913609095,-0.0013945294042632913,2e-05
2024-01-17,0.017964174797881604,-0.00023864658132264282,-0.008644077312604657,2e-05
2024-01-18,0.0020981089678473604,-0.0033601909335650134,-0.005231224963325979,2e-05
2024-01-19,0.005234063016191557,-0.0025969005786182255,0.0016417961328736679,2e-05
2024-01-22,0.0017201749606584541,0.00897754224190561,-0.000639410944711181,2e-05
2024-01-23,0.005636721818342796,-0.00055121979611094,0.0004246353928311319,2e-05
2024-01-24,-0.001544221252344213,-0.004614777616296638,0.005246268048170303,2e-05
2024-01-25,0.0177486021774895,-0.0029977855811690515,-0.005886615545311373,2e-05
2024-01-26,-0.005177653730696669,0.006702224084183339,-0.0011309015111632499,2e-05
2024-01-29,0.013886814866150973,0.004153639798986871,0.0009935548170560886,2e-05
2024-01-30,-0.007432405442556275,0.003461975069393541,-0.0034707996878725797,2e-05
2024-01-31,-0.0004230221568154435,-0.0014451271934587488,0.007207385569637084,2e-05
2024-02-01,-0.012563550627482632,0.0035401748210376702,0.004592934008065737,2e-05
2024-02-02,0.005760284644170239,-0.0037613667497038883,0.0015006666354437774,2e-05
2024-02-05,0.01764151148311841,-0.0014576841880746473,0.009021158896642931,2e-05
2024-02-06,-0.000628274157850249,0.005918826924350473,-0.0074444763980507115,2e-05
2024-02-07,-0.002062628384446915,0.005345666073514387,1.1368594471591138e-05,2e-05
2024-02-08,-0.013075403556815121,-0.005791459075704819,0.001881684844670305,2e-05
2024-02-09,-0.002451511842627697,-0.005033158717451454,-0.004522775233969611,2e-05
2024-02-12,-0.01881353111665833,0.0007522129168804581,0.0015535727090886416,2e-05
2024-02-13,-0.010654535840625928,0.010456794248017058,-0.005482912468939391,2e-05
2024-02-14,0.003021432553309625,-0.011393390986813965,0.003502786591371266,2e-05
2024-02-15,0.016128158372896755,0.0017699976374230255,0.005339173840644533,2e-05
2024-02-16,0.03401053033475404,-0.00815625998943889,0.0014116670056416416,2e-05
2024-02-19,-0.0067390210208508085,-0.0037059859611532735,-0.00921398907532473,2e-05
2024-02-20,0.017523601879745283,-0.0020865705083854486,-0.0047839676058301734,2e-05
2024-02-21,0.0032250297648197747,-0.0024230500606213456,0.002873550016065804,2e-05
2024-02-22,-0.0015149717609565104,-0.003102775637955251,0.000155993217561829,2e-05
2024-02-23,0.005491133420713826,0.00014324236225822092,-0.01342001308846244,2e-05
2024-02-26,0.0010429978041595102,-0.0031115333997834707,0.006264151919341202,2e-05
2024-02-27,0.0016247487073466223,-0.008674744309124916,0.0007332825312691618,2e-05
2024-02-28,-0.00459999795392003,0.004779217675136659,-0.004045373320000226,2e-05
2024-02-29,-0.016477315917586208,0.004617233002893283,0.005024777987833321,2e-05
2024-03-01,-0.01822350243026498,0.005159045860136014,-0.0033377000645344944,2e-05
2024-03-04,0.008138938599374724,-0.009144406977584492,-0.003392260588021073,2e-05
2024-03-05,-0.003020401081028561,0.001893508915504905,0.0018417632550701809,2e-05
2024-03-06,-0.006853066795874,0.004155873134841541,0.008955192296211474,2e-05
2024-03-07,0.0004020675206778428,-0.00608721241063751,0.008167935889864432,2e-05
2024-03-08,0.009839187034987531,0.00015503948909277487,0.001848557494520533,2e-05
2024-03-11,0.002464367316316778,-0.0005975998718621945,0.002361928294251599,2e-05
2024-03-12,-0.007572659239691609,0.011152903951409582,0.004007494660424125,2e-05
2024-03-13,0.015015515467787396,0.011646976222075438,-0.0062349183768467455,2e-05
2024-03-14,0.019250226035779586,-0.009886138359981205,0.0032707416857599126,2e-05
2024-03-15,0.006234679863874239,0.015063562034367936,-0.0036203673407176405,2e-05
2024-03-18,0.011983962136129081,-0.0053913543269199435,0.0016423903339829035,2e-05
2024-03-19,0.015203519961765733,0.005984039765964555,-0.0010873381380366867,2e-05
2024-03-20,0.013861191796854164,0.005922987885182385,0.002556041635571072,2e-05
2024-03-21,0.007669190125351484,-0.0058741413610508405,0.0006405173250323005,2e-05
2024-03-22,0.007480164564898594,0.003059606763034594,-0.0153151513541065,2e-05
2024-03-25,0.006535926880158032,-0.0005452024655963838,0.0009444585585259032,2e-05
2024-03-26,-0.012868052094564522,0.003425980027794344,0.0032607647614963137,2e-05
2024-03-27,0.00870867788231503,0.0014840338142837542,0.0022796417416922686,2e-05
2024-03-28,-0.015969767653518648,0.007278036912221482,-0.00046292973104289814,2e-05
2024-03-29,-0.00923519346150066,0.0005523972588763736,0.00826080845965203,2e-05
2024-04-01,0.01594278081369705,-0.0009072444165578674,0.0016068656456083054,2e-05
2024-04-02,0.01038264195233037,0.0066763853983430824,0.0022383665009655315,2e-05
2024-04-03,0.018148779476230354,0.00358237578915162,0.005272459470252844,2e-05
2024-04-04,-0.002960092604247507,0.004490880365925327,0.001862964998482994,2e-05
2024-04-05,-0.01352698609532121,-0.0038875200335515814,-0.004440088767071018,2e-05
2024-04-08,-0.002585246364844114,-0.006171576688390844,-0.012141687068898113,2e-05
2024-04-09,0.0015243755668868904,-0.0033063328595162094,-0.0023356045100904072,2e-05
2024-04-10,0.0012478645960801163,-0.003624928314083532,0.003854727629405583,2e-05
2024-04-11,0.01390416574508042,0.004817195611917486,-0.0017154816570890293,2e-05
2024-04-12,-0.0040352451000413465,0.005955904301764311,0.004055891861408647,2e-05
2024-04-15,0.004524413661635091,-0.0008307817371944023,0.000793640879601365,2e-05
2024-04-16,-0.011563525793215273,0.008685514112946114,0.006490330351310923,2e-05
2024-04-17,0.005703807336525756,0.008310816362590779,-0.0014260835356033057,2e-05
2024-04-18,0.0003373026022276409,0.0015603934984032355,0.0023880741328384403,2e-05
2024-04-19,-0.00869776005941421,-0.00483135062925824,0.002579425322676796,2e-05
2024-04-22,-0.002529952346098234,0.00955225989661324,0.0075580093631559655,2e-05
2024-04-23,-0.0019101089581826597,-0.0002661041061704494,-0.00848318653167139,2e-05
2024-04-24,-0.0029418615520451544,0.0008569911785858476,-0.002242041372765788,2e-05
2024-04-25,0.021556094907212206,-0.0019376301536394118,0.004292580526942519,2e-05
2024-04-26,-0.0008813520276945556,-0.005238741957783185,0.00777948239889324,2e-05
2024-04-29,-0.002626753322128053,-0.008711836581891752,0.0012503575632104016,2e-05
2024-04-30,-0.0248694114913217,0.0038972099413437282,-0.0014135208221074348,2e-05
2024-05-01,-0.010430488223753727,-0.004600406323379722,0.003835591843372224,2e-05
2024-05-02,-0.0028568810934762345,0.01845718737398094,0.004393513376158415,2e-05
2024-05-03,-0.007930232114119714,-0.006416441495674874,-0.0017483083933365362,2e-05
2024-05-06,0.016880491120533567,-0.00744429484988822,0.001701536560887731,2e-05
2024-05-07,-0.0016792533047546238,0.0031608322936806468,0.005952636312059847,2e-05
2024-05-08,0.01576133099181903,0.009275880873803771,0.009502294966372258,2e-05
2024-05-09,0.0010404556086044162,0.0004875379416593299,0.0037630247961764596,2e-05
2024-05-10,0.0007467340370589196,0.003533454521123646,0.00027069448332796563,2e-05
2024-05-13,-0.0007655573725500115,-0.010961284504752259,-0.00022037588018954105,2e-05
2024-05-14,0.00034555501945750955,-0.0039650692741506005,0.002836982785968115,2e-05
2024-05-15,0.020925540036598314,-0.006341694374825402,-0.0005283642123972509,2e-05
2024-05-16,-0.027535328721014617,-0.011270275099687288,0.0009982024951119411,2e-05
2024-05-17,-0.023718548933264146,0.0008018814041433217,-0.005239381322654374,2e-05
2024-05-20,-0.006218049972673366,-0.013356965729662601,0.006535285982455795,2e-05
2024-05-21,0.00047433458325082657,-0.007833175796524693,-0.005650923635743392,2e-05
2024-05-22,0.008581253097168149,-0.0031231627640805086,-0.0021105588022650628,2e-05
2024-05-23,0.005977046376329702,-0.004887715015706458,0.0005379663042590691,2e-05
2024-05-24,-0.004310950954566842,0.002478451013242406,0.010004934399443194,2e-05
2024-05-27,0.012528524318901148,0.00193348115141488,-0.002063414924261637,2e-05
2024-05-28,0.012662344837832771,0.005462792475612741,-0.0032800790698019814,2e-05
2024-05-29,0.0025086939752587863,0.004614302396276069,-0.002704084586668969,2e-05
2024-05-30,0.011851890869842095,0.006944876736168285,0.008344485838056562,2e-05
2024-05-31,0.0035717431611855454,8.848959994567506e-05,-0.014011734967530106,2e-05
2024-06-03,-0.006437796321394604,0.0019208014049000184,-0.004963690060742935,2e-05
2024-06-04,0.008673802068000057,0.003169082211515148,0.013706443545797758,2e-05
2024-06-05,0.0016273574709441325,0.0009499401843461544,0.003004410367458185,2e-05
2024-06-06,0.00031607816105384313,-0.0022831658595024434,-0.0054799247466961005,2e-05
2024-06-07,0.017975442866274893,-0.0018946552060386211,-0.00015958991087385767,2e-05
2024-06-10,-0.029110465542481038,-0.004805350389979792,0.00038727283033930835,2e-05
2024-06-11,-0.016712210041914834,0.0026297009794589775,0.0042806262295280294,2e-05
2024-06-12,-0.013944845116492442,-0.0004640910445109333,0.009247510014112817,2e-05
2024-06-13,-0.004059127770825667,-0.003879042503820589,0.0019927584063960772,2e-05
2024-06-14,-0.002755298037192362,-0.0038734689159475567,-0.002648941515064804,2e-05
2024-06-17,-0.017787907773276566,-0.007162392366696731,0.003985422210491021,2e-05
2024-06-18,-0.011521896387729916,0.005973048047423198,-0.003441263484314305,2e-05
2024-06-19,-0.010030100142282842,0.0005717060171907254,-0.005116687479945147,2e-05
2024-06-20,0.029789089104910703,-0.005076800117439621,-0.008749544359782226,2e-05
2024-06-21,0.02192090337296576,0.0049512864976121096,-0.007775641972502004,2e-05
2024-06-24,-0.004640993012215791,-0.003262692858766238,-0.00443222578062136,2e-05
2024-06-25,-0.004062999483681587,-0.008339003762073397,-0.005838948838504355,2e-05
2024-06-26,-0.01349044796625953,0.006227333735314798,0.0016161826368735867,2e-05
2024-06-27,-0.0225975649587032,-0.0031225819373966787,-0.005947009129120177,2e-05
2024-06-28,-0.0011025622369022884,-0.002353394541252737,-0.015668331510123718,2e-05
2024-07-01,-0.011674223798928308,0.0003470801220950649,-0.005169558872947329,2e-05
2024-07-02,-0.0007182063799441173,0.00695553533674069,-0.0023092982386070967,2e-05
2024-07-03,-0.018902470188521727,0.00022022374519787018,-0.002977247439359827,2e-05
2024-07-04,-0.008843693499723094,-0.007094702756871381,0.007647623396545921,2e-05
2024-07-05,0.0020835251436339703,0.003363262024673081,-0.0030177127964457506,2e-05
2024-07-08,0.004694515173407249,-0.0028099383455703446,0.004454617315995989,2e-05
2024-07-09,0.005309663504904174,0.011427543829176797,-4.4912998404308554e-05,2e-05
2024-07-10,-0.015545867809884447,9.328166801265899e-05,-0.0001615236283629937,2e-05
2024-07-11,0.01055622876162674,-0.013310212987391998,-0.004126901444240185,2e-05
2024-07-12,-0.009302540359222204,0.0022441898329340435,-0.0002439132579038358,2e-05
2024-07-15,0.007894294975287678,0.01176758675356137,-0.0037754806344870843,2e-05
2024-07-16,0.0001723358805816822,0.009555521731272337,0.0009001215712728526,2e-05
2024-07-17,-0.016216649988935374,0.011085725732539391,-0.0011312481631184411,2e-05
2024-07-18,-0.0034943724549742557,-0.006018561112288781,-0.004673139665958001,2e-05
2024-07-19,0.004684364904765211,0.005572914375860673,0.0050094716985029765,2e-05
2024-07-22,0.007655584565695189,-0.00423196723842027,0.002184202400107127,2e-05
2024-07-23,-0.0013918547693330234,0.001445736396501547,-0.002190313670711241,2e-05
2024-07-24,0.018681346687212635,-0.0075377145724383945,0.0007774652351765501,2e-05
2024-07-25,0.012390129251838708,-0.003766734589296298,-0.0003691126075098182,2e-05
2024-07-26,-0.002779849396797034,-0.003957480184181692,-0.004287954686316369,2e-05
2024-07-29,0.009301461745643334,0.005491331680855698,0.00040248114510581923,2e-05
2024-07-30,0.023505521822258246,0.004904314730017933,-0.003055058774036872,2e-05
2024-07-31,0.023825815209396327,0.0017609183759849248,-0.004674669178100496,2e-05
2024-08-01,-0.01443599856986997,-0.008002528508332314,-0.008063836651332625,2e-05
2024-08-02,-0.010818397333885808,-0.00176983660369832,-0.0017430367676931537,2e-05
2024-08-05,0.01811902544080621,-0.004376698897656356,0.002884853297918617,2e-05
2024-08-06,-0.012399372610051647,0.005318054540166947,-0.003423296766894298,2e-05
2024-08-07,-0.015570493599500147,0.007169109116903108,0.012653543460789847,2e-05
2024-08-08,-0.005534329568388563,0.006438313516185299,0.004478428268263662,2e-05
2024-08-09,0.005342720513695029,-0.0044313165165021234,0.0065716506633023905,2e-05
2024-08-12,-0.0009287604793331565,-0.016337198733736878,0.004026215060368793,2e-05
2024-08-13,-0.0075067634448671055,-0.010501771388780327,0.009314324874692864,2e-05
2024-08-14,-0.007790549540694108,0.00862976186849325,-0.0038850099173627106,2e-05
2024-08-15,-0.008248044772952505,-0.002307529635918944,-0.012753686928293108,2e-05
2024-08-16,-0.010254115543907311,-0.004404347709590675,-0.0021806280417644153,2e-05
2024-08-19,0.027679594527312744,0.009955961760617403,0.0028410928777376884,2e-05
2024-08-20,0.003870132854226659,0.007690959672929962,0.0008075848587398923,2e-05
2024-08-21,0.010941108652856864,0.0002466923315187199,0.0014273630548389184,2e-05
2024-08-22,-0.0055689296174270845,-0.0016604185463838432,0.006654550013349362,2e-05
2024-08-23,-0.0019314801262325866,-0.0006926072768787513,0.001960287872312498,2e-05
2024-08-26,-0.00826264777644426,0.0014629767903247964,0.004044564637955108,2e-05
2024-08-27,-0.03152050001903042,0.009700283687917649,-0.004647813709263795,2e-05
2024-08-28,-0.016236111322174392,0.0026348045454233603,-0.005426968446080184,2e-05
2024-08-29,-0.021427424159764737,0.004456174198234848,0.008120569615122438,2e-05
2024-08-30,-0.026697405335419287,0.007115620654421028,0.0005545076757353393,2e-05
2024-09-02,-0.014044307691577234,-0.0069180560061465135,-0.0030661459172306744,2e-05
2024-09-03,0.016199468152579572,0.004629171354844258,-0.003056972467735591,2e-05
2024-09-04,-0.00023323401245225307,-0.0016674125279696683,-0.003195615608191288,2e-05
2024-09-05,0.01578676514785409,-0.014996571174636597,-0.003494795105229209,2e-05
2024-09-06,0.005231790922810503,-0.012669017251914872,-0.0063657390130183,2e-05
2024-09-09,0.00969070590858191,-0.006008705669112113,-0.007452102011102543,2e-05
2024-09-10,-0.010510763943654902,0.0032873393715554884,-0.0009250218882720958,2e-05
2024-09-11,0.006587411450312049,0.0007827973920417787,-0.0029146293516019973,2e-05
2024-09-12,0.009044570808892151,0.001206200243053984,0.005585796427216476,2e-05
2024-09-13,-0.006619767506804315,0.011805660896120151,0.0015153832663345828,2e-05
2024-09-16,0.0070144844473939965,-0.007514537689158874,0.0013765884003899154,2e-05
2024-09-17,0.007094253102897996,-6.460012510234158e-05,-0.003665602037772253,2e-05
2024-09-18,-0.0062946314535609945,0.0019266131368828937,-0.0005551420788998785,2e-05
2024-09-19,-0.01317322118725194,-0.004317638699230013,0.0018550055181572017,2e-05
2024-09-20,-0.013909539982779268,0.0002699604704976458,0.003630978698563377,2e-05
2024-09-23,0.0013380665030575413,-0.009499696004506071,-0.00041945913259182756,2e-05
2024-09-24,0.004224118425471777,0.008559437303650167,0.005445618896621045,2e-05
2024-09-25,-0.009210309965494974,-0.003989687315182603,8.994654453971357e-05,2e-05
2024-09-26,0.0006190240959131837,0.012288400988671018,0.004014235592588399,2e-05
2024-09-27,0.007146444433661824,-9.484594350473028e-05,-0.0023992610429457513,2e-05
2024-09-30,0.00771828857598361,0.006268321392395099,-0.00901294183284321,2e-05
2024-10-01,0.018922561441469865,-0.00021981721394692628,0.0013917949400926131,2e-05
2024-10-02,0.015623769986376521,-8.446299356317892e-05,0.003676620315733128,2e-05
2024-10-03,-0.011715497193078529,-0.003404175999332047,0.0029267366590378474,2e-05
2024-10-04,0.020503034514456273,0.0008147435761976658,0.0021609333071872,2e-05
2024-10-07,-0.006071718054668577,0.0020079921664842844,-0.0016929348297749366,2e-05
2024-10-08,0.012838473749453131,-0.004605551053491079,-0.003983731257227962,2e-05
2024-10-09,0.0011158395126130661,-0.0006502664951593052,0.0028086413452189027,2e-05
2024-10-10,-0.004645792541483612,-0.0035605931963426825,0.002182237080991375,2e-05
2024-10-11,-0.021392362317299192,0.013897984417689031,-0.002754495454219131,2e-05
2024-10-14,-0.0017587741225961783,-0.00043838461946971125,0.005597120945960284,2e-05
2024-10-15,-0.018412598823667307,0.009371392910179355,-0.004364327572738003,2e-05
2024-10-16,0.011907590830113269,-0.0010737339848461299,-0.0028676168939552023,2e-05
2024-10-17,0.01850151188567098,0.0016557258492094478,0.008232126061708325,2e-05
2024-10-18,-0.009262931871560283,-0.007828184429871616,0.004392909688669564,2e-05
2024-10-21,0.003923648910231254,-0.002582435551207188,-0.001740046529455113,2e-05
2024-10-22,-0.008404698264095706,0.0013632080247354807,0.0014869035482177524,2e-05
2024-10-23,-0.0072418167616414755,0.0096160229857592,0.0008239612226191916,2e-05
2024-10-24,0.009593936446384456,0.001431896666057627,-0.013678069324886891,2e-05
2024-10-25,-0.00016245914212095015,0.008402322167157994,-0.004482369747366909,2e-05
2024-10-28,0.021175776503172143,0.003944374661217521,-0.0002042330855464076,2e-05
2024-10-29,-0.005486789744435052,0.009864408036788114,-0.001733057382796531,2e-05
2024-10-30,0.01229203598969387,-0.00025425330383033255,0.0012855128241521028,2e-05
2024-10-31,0.0014689609554933837,0.014441336263910825,0.005697411564739599,2e-05
2024-11-01,0.009849336116930799,-0.002812377217484738,-0.0015576789232696374,2e-05
2024-11-04,-0.005065891887959361,-0.0044987710051860134,-0.005238273980614325,2e-05
2024-11-05,-0.0002947060506189926,-0.007160317098134205,0.0016742582925552262,2e-05
2024-11-06,-0.001085986551587217,0.014086148029348421,-0.0015831166678390175,2e-05
2024-11-07,-0.009732685378149445,0.005016685435707386,-0.0007303175041095132,2e-05
2024-11-08,0.008244978414981032,-0.0019047244002818509,-0.0014088685957653934,2e-05
2024-11-11,0.00810298806694037,0.007594136181240971,0.01125918900005493,2e-05
2024-11-12,0.0074226563388668,0.004226153110706692,-0.011153521304989726,2e-05
2024-11-13,0.018743587847011738,0.011896764828253541,-0.001891669515663231,2e-05
2024-11-14,0.017692137614835644,-0.009186996996439468,3.155487175803974e-05,2e-05
2024-11-15,-0.004199336278189625,-0.0014921606498855273,-0.003855712461413894,2e-05
2024-11-18,0.004776627821210139,-0.002675128303656953,0.004549129160641415,2e-05
2024-11-19,-0.007183208271098552,-0.01174209605845161,0.004116288393598197,2e-05
2024-11-20,0.0005802637933746655,0.006461963228678165,-0.00018877309244270306,2e-05
2024-11-21,-0.006896993389426377,-0.0015223793348201505,-0.0013033687767184709,2e-05
2024-11-22,0.019740843709632614,0.004537787229919373,-0.0005097841711582349,2e-05
2024-11-25,0.004664377804115554,0.01425863160597767,-0.00047393326823905353,2e-05
2024-11-26,-0.0023163495372530655,-0.00201946215096565,-0.0003418651406288133,2e-05
2024-11-27,0.014623422862276523,-0.002426917895942931,-0.0008899955075839975,2e-05
2024-11-28,-0.025747384917544937,0.0008119850183439762,0.0013122465729619639,2e-05
2024-11-29,-0.023869231138383476,0.006023484117900458,0.0038160603241393256,2e-05
2024-12-02,0.009850063862637287,-0.0033002781518608995,-0.006101300737992884,2e-05
2024-12-03,0.0010256213774084168,-0.003685769582792784,-0.005203319496165745,2e-05
2024-12-04,0.0033053556031291276,0.006443135621448196,-0.008692590147417618,2e-05
2024-12-05,-0.015616753239822584,0.0023718359430282133,0.004381987001787997,2e-05
2024-12-06,2.1195469795605524e-05,-0.012168369578028925,0.0013016164659523156,2e-05
2024-12-09,0.024342112924816105,-0.007252350796814648,0.0025763375796638535,2e-05
2024-12-10,0.010190395437550355,0.009107415182963262,-0.0070974911918173424,2e-05
2024-12-11,0.0023364785417137454,0.002511569698472875,0.008974740614400692,2e-05
2024-12-12,-0.004968646921259252,-0.004473175586223494,-0.0029942545407267884,2e-05
2024-12-13,-0.004434874222432726,-0.0009224579434098927,0.0008910290355562794,2e-05
2024-12-16,-0.02525037467040021,0.00017942003681002124,0.0043219233033918595,2e-05
2024-12-17,0.003391685051053927,0.004514400161680983,-0.00488489877898036,2e-05
2024-12-18,0.010445797301782246,-0.008049580369152737,-0.002681621792563334,2e-05
2024-12-19,-0.018607431926047382,-0.004945694832022748,0.0009458588730043713,2e-05
2024-12-20,-0.007637002707681792,0.0017377345291803331,0.014337365377323531,2e-05
2024-12-23,-0.013589575586801066,-0.000499007482972702,0.0015556237142601214,2e-05
2024-12-24,-0.011284214337705163,0.003531155095820259,0.00808180575315359,2e-05
2024-12-25,0.0009417795218628025,-0.007277044384157587,0.006078365725959778,2e-05
2024-12-26,-0.02471282585986169,0.0022427720576279264,0.0018900501824725936,2e-05
2024-12-27,0.007671245260284768,0.006649501716264833,-0.004895978858153394,2e-05
2024-12-30,0.009346260839204187,0.0030209112828957,0.005348768054091175,2e-05
2024-12-31,-0.00271323105644295,0.0009346704385695514,-0.007440551708240236,2e-05
2025-01-01,-0.0294685021198145,-0.0004753016153958253,0.00805437561838546,2e-05
2025-01-02,-0.011657023512028675,-0.00490910691662901,0.0010500265410912765,2e-05
2025-01-03,0.01509482320923236,-0.00033199155463873084,-0.01320111773649088,2e-05
2025-01-06,-0.03303593136874287,0.007658235117282436,-0.0016525304751591947,2e-05
2025-01-07,-0.003870280946322231,-0.0006141710396007513,0.0033197391046147027,2e-05
2025-01-08,-0.013860009341607108,-0.0052388239360904604,-0.0011351193651988336,2e-05
2025-01-09,0.00995484361901804,-0.002853482532592318,0.0036250290549678667,2e-05
2025-01-10,-0.007801367425721536,0.0013051017836555809,-0.004200120838561478,2e-05
2025-01-13,0.005147448248827339,-0.002141083983085082,-0.006479911863938038,2e-05
2025-01-14,0.007085525030029117,0.003011819698378844,-0.0003072270152380269,2e-05
2025-01-15,0.02233471007676024,0.003237062564494182,0.00020782833644957392,2e-05
2025-01-16,-0.002135303324104443,0.00543389908242789,-0.0016919217553116072,2e-05
2025-01-17,0.0048125324354713365,0.008641356833590196,0.006186455733210963,2e-05
2025-01-20,-0.01752066574952923,0.006075152346234165,-0.004201036875695289,2e-05
2025-01-21,0.014584962759524929,-0.005505434384887759,0.0016158280366617471,2e-05
2025-01-22,-0.008826106176856375,-0.005321206679457634,0.00038984985581812617,2e-05
2025-01-23,-0.006429049969052947,-0.00035462885875894656,-0.007733579760680417,2e-05
2025-01-24,3.302646180947111e-05,-0.002607052143436487,-0.006545150918342562,2e-05
2025-01-27,-0.018454612144078193,-0.006729960361765657,0.00010955508124315705,2e-05
2025-01-28,0.003045240347147256,-0.002550150765037966,0.009955999993434819,2e-05
2025-01-29,0.011909595275100129,-0.002747077601714234,0.002946349059494055,2e-05
2025-01-30,0.003815205881967499,-0.003931086438567235,-0.008578174125723164,2e-05
2025-01-31,-0.0187667707701447,-0.0017947369169300338,-0.01550244032559669,2e-05
2025-02-03,-0.001185711531955915,0.007170705101909987,0.003715267965021899,2e-05
2025-02-04,0.009204346835753888,0.0012954282474954355,-0.0004310674146409951,2e-05
2025-02-05,-0.022235865191590893,0.014930854456332816,0.005756329847551847,2e-05
2025-02-06,-0.012597192165812569,0.0011230491161178962,-0.004353589603557208,2e-05
2025-02-07,0.01081852324897824,-0.0016403946436235105,0.001801062489292631,2e-05
2025-02-10,0.0035411452103674386,0.00012479729592919657,0.004280867315139313,2e-05
2025-02-11,0.005243658985521046,0.00163895187066124,-0.0021873181910324092,2e-05
2025-02-12,0.022613937691479742,0.0027115237430263817,-0.002080427851155327,2e-05
2025-02-13,0.005922633342074431,0.012560267955154142,0.00017631415549195244,2e-05
2025-02-14,0.008194656125198152,-0.004971922789865412,0.002763381732801644,2e-05
2025-02-17,0.032828946326619916,0.005254276349066414,-2.1670022559554696e-05,2e-05
2025-02-18,-0.0022656546970858888,0.001346503585684743,0.004919981688797432,2e-05
2025-02-19,-0.009274593163421942,-0.009326586455423707,-0.0022596759463351496,2e-05
2025-02-20,0.0054335567789655925,0.00472419269256858,-0.0065919760273155485,2e-05
2025-02-21,0.005567892352666738,0.00770574136482343,0.009934876840565899,2e-05
2025-02-24,-0.006020584703354499,-0.005043058422664578,-0.002973168682712232,2e-05
2025-02-25,-0.012088764234658171,4.639679264817584e-05,-0.0027922104185887364,2e-05
2025-02-26,0.028018133065080938,-0.010252125572046222,-0.00027901660536092175,2e-05
2025-02-27,0.004222121644656275,-0.007452838758106019,0.0003859055482699059,2e-05
2025-02-28,-0.008487424576824908,0.006388177465703516,-0.0018834182124414145,2e-05
2025-03-03,0.011291163627355183,-0.0026984990360446074,-3.71694847450452e-05,2e-05
2025-03-04,-0.001009741818736014,-0.006552817849628236,-0.00014881115714086978,2e-05
2025-03-05,-0.0027345773558139753,0.0014767621867505783,0.0009240966351040349,2e-05
2025-03-06,0.007047274462973919,-0.0030344745885861396,-0.01173743729493658,2e-05
2025-03-07,-0.01520258721878028,-0.002724929946653217,0.009454381535039247,2e-05
2025-03-10,0.004531526447006069,0.00453595615404942,-0.0006864415676727877,2e-05
2025-03-11,0.023255457692781027,-0.00687040015360608,0.002953113097234927,2e-05
2025-03-12,0.005894131946367729,-0.005332191276090993,-0.006840506707670122,2e-05
2025-03-13,-0.004214545245401574,0.0010244799528932118,-0.002305001306246251,2e-05
2025-03-14,-0.005785263365138904,0.005916458744489233,-0.0033115793316020724,2e-05
2025-03-17,-0.004624079680141313,0.007528961808939099,0.007398618822542726,2e-05
2025-03-18,-0.0027475521365733727,-0.003890370322169738,-0.002879068034179414,2e-05
2025-03-19,-0.0042336783930992635,0.005724261801517888,0.0038403999347004563,2e-05
2025-03-20,0.0112957372928948,-0.004604853760822453,-0.003202102263365976,2e-05
2025-03-21,-0.020498509238507795,0.0110572560814408,-0.0022130946982697203,2e-05
2025-03-24,0.010644000604945608,-0.00670262615251837,-0.00117775082600343,2e-05
2025-03-25,-0.0042562383017107335,0.008070872864750386,0.006469225634146501,2e-05
2025-03-26,0.004823373428344467,-0.003838916640912343,-0.009399263295150593,2e-05
2025-03-27,-0.013223854922410365,0.0121794787287676,-0.006528317776372164,2e-05
2025-03-28,0.016243572802193237,0.003647924373114906,-0.009686525828449085,2e-05
2025-03-31,0.015247619522062477,-0.005996099176449331,-0.005387510598807252,2e-05
2025-04-01,0.011815086309000885,-0.003033430877255041,-0.004008000255960536,2e-05
2025-04-02,-0.017877057309522472,0.00478708723134245,-0.008022406270451945,2e-05
2025-04-03,0.010249452852792634,0.006415866505693368,-0.0036207387330733447,2e-05
2025-04-04,0.005158261051628507,-0.00032429355034677566,-0.010023572404667076,2e-05
2025-04-07,-0.01896325496559081,0.0003679496857807984,-0.005039943618838407,2e-05
2025-04-08,8.431394750214112e-06,0.004650118195864393,0.0060521019995510026,2e-05
2025-04-09,0.00467441386839915,0.0008907905620649198,0.0020679403514055144,2e-05
2025-04-10,0.00697290328587781,-0.0076610291560302544,0.0009873383608626385,2e-05
2025-04-11,0.0024271364033862687,-0.004777844147841084,-0.0049638927813955725,2e-05
2025-04-14,0.003794777002168556,0.0015107196589099906,-0.007630424795223621,2e-05
2025-04-15,0.01798333670703715,0.007392894498986162,-0.005645780377671404,2e-05
2025-04-16,0.015012406918928158,0.009795894544972285,-0.00016604913448007493,2e-05
2025-04-17,-0.03410465944539292,0.004777176524628702,0.004390883898633341,2e-05
2025-04-18,-0.0035092626580521843,0.0018237445662181826,0.004561837085676602,2e-05
2025-04-21,-0.0016758123305274154,0.004592883315894862,0.003203061812416665,2e-05
2025-04-22,-0.020725182872723652,-0.0039005051012411343,-0.0036377843203397207,2e-05
2025-04-23,0.0014301966987877459,-0.000819385761549285,0.00017274916201994017,2e-05
2025-04-24,0.015285093268926079,-0.004844784328036859,-0.0015567126501862295,2e-05
2025-04-25,-0.012738814315087084,-0.007392455664246269,-0.0009559488174737512,2e-05
2025-04-28,0.0043368112642784675,0.0021012940698172293,0.010235639484799065,2e-05
2025-04-29,-0.010689881727557254,0.0012130798395084616,-0.008760001185018063,2e-05
2025-04-30,-0.007762944284156123,0.004225914907054078,-0.0011233840796113044,2e-05
2025-05-01,0.018028723610040424,0.003376670985354683,0.006108744535980783,2e-05
2025-05-02,-0.0062106938413418996,0.001555865627943172,-0.007279457475167691,2e-05
2025-05-05,0.0058465498681274965,0.0034396999940653258,-0.003168737126331252,2e-05
2025-05-06,-0.022154617392731845,-0.00015609857736485983,-0.0025951924878381974,2e-05
2025-05-07,0.022647810736738563,0.0025773483713344035,-0.0010664486102699227,2e-05
2025-05-08,0.007531829355677987,-0.004256866416118157,-0.007929785798031086,2e-05
2025-05-09,-0.00188999811180314,0.00231823555383478,0.0030264303016901972,2e-05
2025-05-12,0.007206558119998738,0.004110506111716057,0.0033814364125657206,2e-05
2025-05-13,-0.016617833147373723,-0.003918088568433218,0.0025918766250897386,2e-05
2025-05-14,0.014490368901031886,0.00041099259395708035,-0.004301868371455408,2e-05
2025-05-15,-0.0035878173059571625,-0.003641615057776158,0.00048255395393647564,2e-05
2025-05-16,-0.0021488341805812167,-0.0030590401790966896,-0.0044472011978454375,2e-05
2025-05-19,-0.005599867379585813,-0.0066495761306129275,-0.0016129833038575636,2e-05
2025-05-20,-0.006667816832947016,0.007694649550999333,0.010817339635854389,2e-05
2025-05-21,0.008636047339540903,0.006494111048320287,0.0005284768879812799,2e-05
2025-05-22,0.0033708822012506745,0.0033246031253640227,-0.0058876328799358675,2e-05
2025-05-23,0.008120977696836479,0.011933175711662884,0.0009516767033195693,2e-05
2025-05-26,0.00019446372617314253,-0.00103547417941035,-0.006708979630316548,2e-05
2025-05-27,0.006458397732926172,0.018290574490663805,-0.005945051962575059,2e-05
2025-05-28,-0.00472618492710046,-0.0012651764921793223,-0.005155615679743955,2e-05
2025-05-29,0.027056782096914582,0.0016311601105360987,-0.0021715472609784175,2e-05
2025-05-30,-0.018515164997165982,-0.002286667483641249,0.004734844977946007,2e-05
2025-06-02,0.015431247882755813,0.00233395336036183,0.002941990990084196,2e-05
2025-06-03,0.01671488940865165,0.0051136895673174676,0.002664976641236642,2e-05
2025-06-04,-0.009925905671587125,-0.0005834983583185036,-0.005444622827952712,2e-05
2025-06-05,0.02705128332667168,0.010760319082705723,-0.002656571777178243,2e-05
2025-06-06,0.012245883395343818,0.0015348957078007643,0.0014100055344159416,2e-05
2025-06-09,0.011953668081874938,0.0017229123166611947,-0.0030915999269420648,2e-05
2025-06-10,0.0006362662443105203,-0.005353986167082304,-0.0013418322015054922,2e-05
2025-06-11,-0.0023067138986241176,0.002610994447302307,0.002256793462649748,2e-05
2025-06-12,-0.0022129059244752973,-0.0007041633248561936,-0.0016938634060065102,2e-05
2025-06-13,0.004986367155834206,-0.0035494383760237215,0.0011802979455101262,2e-05
2025-06-16,0.017114235300406757,-0.004558846448890183,0.008013642280097842,2e-05
2025-06-17,0.002475770614337035,0.01613058027854011,-0.0008092939949349877,2e-05
2025-06-18,-0.010637323477647485,-0.0014808635010742123,0.005946689048596031,2e-05
2025-06-19,0.010193124748619758,-0.008641912524687607,0.0028468503365367912,2e-05
2025-06-20,0.011353808956737507,-0.004089328758395435,-0.007286209967433834,2e-05
2025-06-23,0.008155914341373433,-0.0002094070368572816,-0.005460685146317621,2e-05
2025-06-24,0.009245986878299792,0.0033800021956989098,-0.004117979415349482,2e-05
2025-06-25,-0.0029511375618936973,0.0034287791303518806,-0.004224174584663917,2e-05
2025-06-26,-0.010847870005566956,0.0041596873106591525,-0.000401448730534071,2e-05
2025-06-27,-0.010118321167689358,-0.003769161839823978,0.0031232202404091114,2e-05
2025-06-30,-0.019325558981494295,0.0021426426610092726,0.006325792083523614,2e-05
2025-07-01,0.003143383338551397,-0.0051563567846634704,0.0015908754436254112,2e-05
2025-07-02,-0.0007013853987191236,-0.00361785789808407,-0.002178397780266049,2e-05
2025-07-03,-0.0049798524543565054,-0.005406253847001556,-0.010361206218149371,2e-05
2025-07-04,-0.035167425892140836,-0.0070303331275896165,0.00040294787708668975,2e-05
2025-07-07,-0.014667809636330027,0.006485256933148053,0.00017885096847495644,2e-05
2025-07-08,0.013750087816838001,0.004231670205873326,0.0009646437676947884,2e-05
2025-07-09,-0.007675512000757572,0.00595999221986878,0.010581201488516663,2e-05
2025-07-10,0.004627100131882097,0.00033587839614577787,0.00625298273096536,2e-05
2025-07-11,-0.016388225159703073,0.00476084619319088,0.003975304591249929,2e-05
2025-07-14,0.017564465788310776,-0.01046773642785527,-0.004760385650357999,2e-05
2025-07-15,-0.001428331920656117,0.005278525108272131,-0.0025149737459837173,2e-05
2025-07-16,0.003780484757802422,0.0011627189800301812,-0.0004242230346425108,2e-05
2025-07-17,0.02820935750258022,0.0038626576008949937,-0.003827035620051768,2e-05
2025-07-18,0.018497281207072846,0.0023801397942916787,0.0025523226249255905,2e-05
2025-07-21,-0.0033787874554446935,-0.005822330927221319,0.0018345442460785226,2e-05
2025-07-22,-0.006818642218444311,-0.00888823865234628,-0.005391538965273463,2e-05
2025-07-23,-0.0036065401382343815,-0.004172324997097779,0.006034083545480622,2e-05
2025-07-24,0.006418778981718428,0.003489503687637473,0.0005615516690443015,2e-05
2025-07-25,-0.0009626896110104537,0.004240548491052373,-0.008595355733711257,2e-05
2025-07-28,-0.00444292974004166,-0.008107653664291177,-0.00020671429172484725,2e-05
2025-07-29,0.01790617500850851,-0.005786596204809287,0.0014560322796145241,2e-05
2025-07-30,-0.0010705187013340428,-0.004239414115645036,0.004913961807178703,2e-05
2025-07-31,0.027895069116447832,-0.002043830361600894,-0.0016373820156330816,2e-05
2025-08-01,0.001388910765026076,-0.008072304985115915,0.004189691337236036,2e-05
2025-08-04,0.021723820730696734,-0.008432310596840796,0.0009857099338510785,2e-05
2025-08-05,0.004587833072527522,-0.0048310117784453235,-0.0065252730451878975,2e-05
2025-08-06,0.011855526878993375,0.0006175230173500341,-0.007025833867412569,2e-05
2025-08-07,-0.008395332618212693,-0.0069835660385209435,0.005662799350746743,2e-05
2025-08-08,-0.009945110671048942,-0.0005948210598305967,0.006029920891908845,2e-05
2025-08-11,0.00581647146017985,0.0064513168968508925,0.0016645461520236149,2e-05
2025-08-12,0.012162638909583781,-0.00771067842448106,0.007528533605900143,2e-05
2025-08-13,0.0007830780240055544,-0.0011386745504632367,0.005333049245208033,2e-05
2025-08-14,-0.015136720021004366,0.006248540402504636,0.0034681436473986056,2e-05
2025-08-15,-0.016023100395471924,-0.0024096103421828562,-0.0045065574436683594,2e-05
2025-08-18,-0.01682563682623489,-0.0033420181451505136,0.008707143755161717,2e-05
2025-08-19,-0.02091146535527257,0.007080974885838843,0.002731507161041365,2e-05
2025-08-20,0.00161382431336505,-0.001737212473829287,-0.0018791938730581084,2e-05
2025-08-21,0.013800527060496304,0.006726970151233407,-0.00329135002652649,2e-05
2025-08-22,0.00013901055690229475,0.0026737923467631927,0.0013339189075692844,2e-05
2025-08-25,-0.026824977088054227,-0.0019570679174590205,-0.008305295424192274,2e-05
2025-08-26,-0.0019891255240145848,0.002978143183585182,0.003548366376764313,2e-05
2025-08-27,-0.0016535879595912855,0.002022697083076227,-0.004717854073470134,2e-05
2025-08-28,0.025451985002705273,0.006225296926014845,0.0019030405441214336,2e-05
2025-08-29,-0.017185654955034674,-0.003190073227190111,-0.0025581016867907975,2e-05
2025-09-01,-0.004388131231190349,0.0003472364006897181,-0.0012720935636235183,2e-05
2025-09-02,0.02077023216653477,-0.00026909407762782447,-0.0037345493638253242,2e-05
2025-09-03,0.005699740096158577,0.004324888849838709,-0.0007561471559040076,2e-05
2025-09-04,0.007059756882197096,-0.0060510751666650545,0.00949689773008677,2e-05
2025-09-05,0.0016750132442865386,0.006201862289427136,0.0069752981352432025,2e-05
2025-09-08,0.004259322463887175,0.0028979726330224994,0.0018223947749772833,2e-05
2025-09-09,0.009631314363342431,-0.007801550441797678,-7.647132782476182e-05,2e-05
2025-09-10,-0.009413835826713197,0.0073495769528830026,0.004271005953464425,2e-05
2025-09-11,0.010836702946898398,0.013504558484786388,0.005699851970537783,2e-05
2025-09-12,-0.01617603620262647,0.006111003817296448,-0.004099091911037646,2e-05
2025-09-15,0.004240415673978457,0.008661908603358815,-0.000337194338161011,2e-05
2025-09-16,0.002444891559435926,0.0006122282896155286,-0.009059791147840402,2e-05
2025-09-17,-0.0070955170583052955,-0.009869029518431062,0.005665510551304475,2e-05
2025-09-18,2.7776696092239107e-05,-0.01096472270700515,0.010375121288504277,2e-05
2025-09-19,-0.007170481831986637,0.0016304922632065508,0.00045041312311542756,2e-05
2025-09-22,-0.012560415922340933,-0.00345187284637988,-0.010575050624515083,2e-05
2025-09-23,-0.003943376899363733,-0.005387457669964108,0.0030944525828851556,2e-05
2025-09-24,-0.012947863624459937,-0.0002764801038120521,-0.004470445830745402,2e-05
2025-09-25,0.004173569569118978,0.003793511727167729,-0.0032667472083223,2e-05
2025-09-26,-0.013501025929828362,-0.008616545280572884,0.0031828819489550194,2e-05
2025-09-29,0.008843724275892617,-0.002593265721682309,0.0013227706275636218,2e-05
2025-09-30,-0.013877748815145842,0.00915922409872189,-0.0023905438766930083,2e-05
2025-10-01,-0.006495538986972076,-0.006351730281328248,-0.003198028163008322,2e-05
2025-10-02,-0.007195240898582148,0.005318567122989738,0.0006791802761041638,2e-05
2025-10-03,0.016201760746498067,-0.0028083845692939637,-0.001997327762561837,2e-05
2025-10-06,0.004263479347399102,0.003374762559099716,-0.005496185668015037,2e-05
2025-10-07,-0.0022408056305327313,0.006683965043217203,-0.0016128159073918005,2e-05
2025-10-08,0.00628463329283668,0.0045476906019101294,0.0017479631162759207,2e-05
2025-10-09,-0.024986308167956255,0.005554957613283259,-0.0008405173340981667,2e-05
2025-10-10,-0.0002176030756908894,-0.006809561200447737,-0.007017542991240926,2e-05
2025-10-13,0.024270170133657155,0.006781958240447793,0.004995323106877697,2e-05
2025-10-14,0.0018881580768320707,-0.005016158687808919,-0.013644057184716668,2e-05
2025-10-15,0.001114958030032026,0.0016572505934292305,-0.002181825775142176,2e-05
2025-10-16,0.006877540555706353,0.0016494771219833615,-0.0030509922727695793,2e-05
2025-10-17,0.011047262919772146,0.0030107353532174857,0.0007908943893570742,2e-05
2025-10-20,-0.023669600314678314,0.002121740056361143,0.0028583090390136776,2e-05
2025-10-21,-0.01988791778149232,-0.004962859871148339,0.005683824041305176,2e-05
2025-10-22,0.0028234954930337584,-0.007999204473774297,-0.003512024366760801,2e-05
2025-10-23,-0.008278518742770117,0.0053340920797706115,0.002982911686667409,2e-05
2025-10-24,0.01604430314663897,0.0012150074651134934,0.0010290919394073054,2e-05
2025-10-27,-0.0034820926786226867,0.006996261045746907,-0.008507696875916118,2e-05
2025-10-28,-0.022914368828557415,-0.00016839760512720787,0.009552701277170549,2e-05
2025-10-29,-0.014916167002127964,-0.008330986164061763,-0.007143875636200997,2e-05
2025-10-30,-0.032696112235566906,0.005896778086024637,0.002147486361548575,2e-05
2025-10-31,-0.002509506447394951,-0.0021222236579666424,0.001999799720988739,2e-05
2025-11-03,-0.0019606095271726006,0.002152020744526127,0.0014281839116453855,2e-05
2025-11-04,-0.004793552517382773,-0.0037847565708771153,-0.0024228844108080375,2e-05
2025-11-05,0.013246548468356864,0.009965810261402143,0.004186263255702511,2e-05
2025-11-06,0.014682238038200323,-0.005159388945099181,-0.007751837369715478,2e-05
2025-11-07,-0.0017446610802733346,-0.0019245785246370477,-0.00027914394336961456,2e-05
2025-11-10,-0.02531632400972227,0.0007446922161838983,-0.0027693733827622922,2e-05
2025-11-11,0.007707378965907102,-0.006453093962521749,-0.0033364897103351577,2e-05
2025-11-12,0.006964322742102905,0.002083117171525571,0.002193738937267729,2e-05
2025-11-13,0.00401269884188334,0.009771462864804941,0.005437392713598416,2e-05
2025-11-14,0.01207775699169739,-0.002842772964162263,-0.0016662788091843304,2e-05
2025-11-17,-0.013677937157532481,0.0024708569141903528,0.003953405449628887,2e-05
2025-11-18,0.02440506463422167,-0.016396612316231334,0.0002987033272229924,2e-05
2025-11-19,-0.011213133037702416,-0.00013357520290904393,-0.004413661046190043,2e-05
2025-11-20,0.009290675126410256,-0.0017782537155572322,-0.0012397604662053193,2e-05
2025-11-21,-0.01994817233296022,-0.004810985614462309,-0.0014474294539580748,2e-05
2025-11-24,-0.01086317624724061,0.006588702817771193,-0.0034332995625272326,2e-05
2025-11-25,0.018496423760704036,-0.0018574620897429692,0.002192414643279169,2e-05
2025-11-26,-0.002830797876010199,-0.0009648649225615247,0.0012232309385237963,2e-05
2025-11-27,0.010379071261593575,-0.0021631572487344273,-0.007903248491347091,2e-05
2025-11-28,0.003143464664630953,-0.01140089523059046,-0.00820762997619679,2e-05
2025-12-01,-0.0009594978720020722,-0.006691918640461766,0.002173422266028772,2e-05
2025-12-02,0.016666203899192277,0.005866560916721298,-0.004026432143972673,2e-05
2025-12-03,-0.0025399058958228042,-0.012559703881279832,0.0015602057755016198,2e-05
2025-12-04,-0.021068857290761644,-0.004497892097694234,0.003954657890545942,2e-05
2025-12-05,-0.009338881103420462,-0.002298320337738583,-0.006304764187027796,2e-05
2025-12-08,0.00691430074442033,0.010561731203749392,-0.007007686272880926,2e-05
2025-12-09,0.005046109276350097,0.004711622592978215,0.008422158411976476,2e-05
2025-12-10,-0.018504699002825257,-0.0032430231623185976,0.001807853914812295,2e-05
2025-12-11,-0.008392110232898414,0.007927082182693307,-0.0020462032833663546,2e-05
2025-12-12,-0.00668065619042696,-0.0043430949230067175,-0.0046197022632313185,2e-05
2025-12-15,-0.004085635129370701,0.006154598822404034,-0.0025022042445363977,2e-05
2025-12-16,-0.016210963063218616,-0.008053263475538095,-0.005902861680566552,2e-05
2025-12-17,-0.007240453297433743,0.006539546990734944,0.004467060870452951,2e-05
2025-12-18,-0.00844332582311433,-0.002336801872825914,-0.0038337557680316043,2e-05
2025-12-19,0.009558399117143032,-0.006071025445647618,0.005517672941081335,2e-05
2025-12-22,0.010009455731882924,-0.0012028616784578842,-0.0019531445988500563,2e-05
2025-12-23,-0.001449725497065792,0.0017640650783212891,-0.005166750918086574,2e-05
2025-12-24,-0.004404477550448778,-0.002868490583154273,-0.002081507940069007,2e-05
2025-12-25,0.001979091744469361,0.0034237210359719427,-0.013070833887507084,2e-05
2025-12-26,-0.009498901289466899,-0.003397963301984405,-0.0005538428833700346,2e-05
2025-12-29,-0.013461984986009291,0.0038222343635881473,-0.0008005959556507928,2e-05
2025-12-30,-0.010982654507108603,0.002753332372219597,0.004173713732739838,2e-05
2025-12-31,-0.0073177579676574804,-0.0002655383282476102,-0.009381524639916898,2e-05
2026-01-01,-0.013661685597507254,-0.002548293874195699,0.005859331804317739,2e-05
2026-01-02,0.002244714708754497,0.0010092447745915969,0.00415299647498828,2e-05
2026-01-05,0.0090565880854045,0.003401522458202195,0.006310217818493313,2e-05
2026-01-06,-0.0187451796095789,0.01247079491638965,-0.00021360688002068707,2e-05
2026-01-07,0.0006015445345924002,0.005736522530789086,0.005119484170513777,2e-05
2026-01-08,-0.002339229543196027,0.005955939698895048,-0.007306220174534526,2e-05
2026-01-09,0.004398104226441635,0.0186310731691617,0.0036152378260226655,2e-05
2026-01-12,0.00014473478275694323,0.0031957508606070646,-0.0038058138104997263,2e-05
2026-01-13,-0.01714319135917957,0.0030078610678702135,-0.008207009162114682,2e-05
2026-01-14,-0.014848671586285986,0.004324090445929925,-0.005570702590821804,2e-05
2026-01-15,0.0006530829070196726,-0.005953795865529518,7.765569314635287e-05,2e-05
2026-01-16,0.012645371036946112,-0.0025634098185125373,-0.0040714960410880175,2e-05
2026-01-19,-0.026270248452516035,-0.002937015600154004,0.0019303676584789997,2e-05
2026-01-20,0.00444871895761896,0.00398568386331737,-0.008991187775020087,2e-05
2026-01-21,0.014575464063451718,-0.0009450473733271919,-0.010585487718079309,2e-05
2026-01-22,-0.0015363105144745575,0.0009293405528458168,0.00691193717071788,2e-05
2026-01-23,0.006902429952317289,0.0066247277208907876,0.004569000647007172,2e-05
2026-01-26,-0.008136828970773627,0.005278904432224833,-0.005196484179569038,2e-05
2026-01-27,-0.001132394391322522,-0.0008703260182474822,3.5001782647302434e-05,2e-05
2026-01-28,-0.019150962219697816,-0.003919970581269335,0.005147535301006619,2e-05
2026-01-29,-0.027832119701026486,0.006911648389919132,0.0021460030414530273,2e-05
2026-01-30,0.011613189614703303,0.004743347085459195,0.0007911154809173921,2e-05
2026-02-02,-0.011519939132693302,-0.009537540909772295,0.005525770406562985,2e-05
2026-02-03,-0.005166334140041166,-0.0017789236334496848,-0.003603562376006102,2e-05
2026-02-04,-0.016337307039242317,0.0010930927721005744,0.0002058922433231435,2e-05
2026-02-05,-0.016619636437006508,0.0047729783027261885,-3.924319146195817e-05,2e-05
2026-02-06,-0.0017860524011353964,0.005560608969638628,-0.0013138102383552128,2e-05
2026-02-09,-0.008454926329627757,0.001803436007052841,-0.0018990275571037607,2e-05
2026-02-10,0.004835651975936382,0.0036114851881531356,0.0004143411891424537,2e-05
2026-02-11,0.005730461027755103,0.0004848208142689218,0.00022203747992763769,2e-05
2026-02-12,0.004150195755895286,-0.0039431101290833635,-0.005192138212672629,2e-05
2026-02-13,0.0031632094911413244,-0.0014675863462475238,0.004058979549502237,2e-05
2026-02-16,0.019233218459182636,0.00021394711984064964,-0.004831926038831292,2e-05
2026-02-17,-0.012511125228538632,-0.00010807550011153926,-0.0010411672227358696,2e-05
2026-02-18,-0.00035921839443501304,-0.011213437426660824,-0.0014264023636002575,2e-05
2026-02-19,0.013892277846235066,-0.0022849000095765877,0.0018405180632960793,2e-05
2026-02-20,0.015474477712056437,0.00043723391853491114,-0.010545519701086664,2e-05
2026-02-23,-0.016761163792134874,-0.001588219951434206,0.004504549074647291,2e-05
2026-02-24,-0.003448265299870439,-0.0013809427730695145,-0.003334951738060821,2e-05
2026-02-25,0.01659745315040713,0.003027948224827524,0.006149816473885271,2e-05
2026-02-26,0.006396949262388783,-0.006373743122291803,-0.0023408246225807717,2e-05
2026-02-27,0.002643156377757273,-0.009668253283707268,-0.00019421792867005256,2e-05
2026-03-02,-0.002312216321215881,-0.001989018745020049,0.009618930200342119,2e-05
2026-03-03,-0.0043056111084929455,0.004684686433010738,-0.0013366910439683423,2e-05
2026-03-04,0.0037586287570838903,0.01022531823691983,0.006244249423367294,2e-05
2026-03-05,-0.0027284894998138003,0.004792769434568441,0.00024522542782280047,2e-05
2026-03-06,-0.0002109434525333302,-0.008709582559213084,0.002127094151467448,2e-05
2026-03-09,0.0012431844733804484,-0.001294203436260627,0.00039979294705687254,2e-05
2026-03-10,-0.007836858341921991,0.0016398062864891765,0.00428925813150062,2e-05
2026-03-11,0.00668555248657726,0.0011655467015415533,-0.0033776580642652563,2e-05
2026-03-12,0.03527093578098504,0.0033358273176572442,-0.004870242615095928,2e-05
2026-03-13,-0.0210238396719129,-0.005402293678764564,-0.0031428809518851087,2e-05
2026-03-16,0.004188150290279759,0.0004896585253044557,0.0005485518816204552,2e-05
2026-03-17,-0.008822281063426867,0.0026219369786567737,-0.0010540939277516473,2e-05
2026-03-18,0.007228830930230999,0.005054025719821957,0.0036013743823558827,2e-05
2026-03-19,0.000858689679934331,-0.004734308999676752,0.0065736584991075995,2e-05
2026-03-20,0.009442257288509563,-0.0019709412034573884,-0.004829191686175043,2e-05
2026-03-23,0.014406078918105355,-0.016122906080440043,-0.0036197439580696626,2e-05
2026-03-24,0.002609053413218176,-0.0036287718054666455,-0.007131197091564271,2e-05
2026-03-25,0.013884627460970139,-0.0030464893578262585,0.01020186495379552,2e-05
2026-03-26,-0.027831574725464128,-0.006017507049004658,0.0015733474956091341,2e-05
2026-03-27,0.01938542757499228,0.0010936729013959101,0.002449011600257889,2e-05
2026-03-30,0.004800745822708081,-0.0002356725922716094,-0.006651041925155241,2e-05
2026-03-31,0.013234120268942183,-0.013455283265465669,4.415005496562683e-05,2e-05
2026-04-01,-0.01433850893809826,0.0013930478158105388,0.0025962399220654264,2e-05
2026-04-02,-0.00966923857926403,-0.005469944784734165,-0.001213788452672125,2e-05
2026-04-03,0.0020512595297372898,0.003014133755143091,0.005428528124131972,2e-05
2026-04-06,9.554532795044376e-05,-0.007591107486371993,0.011609155628214149,2e-05
2026-04-07,0.003696823056119875,0.0002800392311856407,-0.00468531413546976,2e-05
2026-04-08,0.013314181931159593,-0.0015989799733190356,-0.005060436229883484,2e-05
2026-04-09,-0.020882643783634188,0.0019186113097019821,-0.004338780327642884,2e-05
2026-04-10,0.011985828860607709,0.0008481836659080811,0.008080995800082454,2e-05
2026-04-13,0.0003993829194951242,-0.0014309850501287265,0.005261776585148422,2e-05
2026-04-14,-0.002145382333494573,-0.009117633884265468,-0.0006276390889682423,2e-05
2026-04-15,-0.01735338281261868,-0.00876324778076619,0.00023279832200437137,2e-05
2026-04-16,0.00633658402052238,-0.0034033216345533144,-0.004032718130983607,2e-05
2026-04-17,-0.028669294212372444,5.0320696422478184e-05,0.00450013578871592,2e-05
2026-04-20,0.008080728134864552,-0.0035494876831947022,-0.0018495091205427687,2e-05
2026-04-21,-0.0176052700256759,0.0038512715834767932,-0.0012503826972749966,2e-05
2026-04-22,0.0009414949514096884,-0.001575325515270102,0.0030939488576462843,2e-05
2026-04-23,-0.0011300260479350452,-0.005690076348677062,-0.0008899746904161059,2e-05
2026-04-24,0.014334457767526605,-0.001568577757927456,-0.001124829967489232,2e-05
2026-04-27,-0.001843862028166682,0.0014551590178993143,0.00010287602764537538,2e-05
2026-04-28,-0.008029662733747988,0.0020493083129475066,0.0040267770689653825,2e-05
2026-04-29,-0.005779232351654436,0.011370274791958776,0.008282465377419166,2e-05
2026-04-30,0.015574593225055963,-0.0039134560400205165,0.00297743116123041,2e-05
2026-05-01,0.006735563630170724,-0.00034087196954240233,0.0040665711181213345,2e-05
2026-05-04,-0.004327559778277936,0.0026567436809165584,-0.0009492703105056219,2e-05
2026-05-05,-0.0025373570395741613,-4.053775520489193e-05,-0.003488989315843585,2e-05
2026-05-06,-0.01850612508702536,-0.002903708875931919,0.003319931161175576,2e-05
2026-05-07,0.004961690410218492,-0.009195543058065463,0.0009062041230028568,2e-05
2026-05-08,-0.020817788492345588,-0.0029650073543180935,-0.007063143243748747,2e-05
2026-05-11,0.009321557590025474,-0.006342214476306806,-0.0015903481171279904,2e-05
2026-05-12,0.00184345910989519,-0.01025964008674267,-0.0003644851174077679,2e-05
2026-05-13,0.02894342159488707,-0.004674073050023518,-0.0025022893351423934,2e-05
2026-05-14,-0.012901626644691671,-0.006182550324598727,0.007458677972710636,2e-05
2026-05-15,-0.0009319450924875953,0.0036027192717576887,0.002449195184511084,2e-05
2026-05-18,0.021879452411076753,0.003706551024485762,0.006915874589443239,2e-05
2026-05-19,0.014596675683496972,-0.005323275737485249,0.0013671263082607977,2e-05
2026-05-20,-0.008054544618958798,-0.0014613717833787266,0.0004569391821253886,2e-05
2026-05-21,0.002987609140481373,-0.011049455972675213,-0.0046329890880512465,2e-05
2026-05-22,0.00032399227698104677,-0.002866039701096165,0.00010964766598283361,2e-05
2026-05-25,0.003683470408729886,0.0024938914042140735,0.00011526962837720098,2e-05
2026-05-26,-0.008084165231817958,0.0050496273376846165,-0.006785569420171166,2e-05
2026-05-27,-0.0007718448324088142,-0.0041782824901478825,-0.002647637348851974,2e-05
2026-05-28,-0.018876628503320565,0.006411129163165119,-0.001566412992581812,2e-05
2026-05-29,0.0019214814224169847,-0.00899415152908083,0.0021173977202786076,2e-05
2026-06-01,0.005700248081061985,-0.007385766794862755,0.002356750559928531,2e-05
2026-06-02,-0.002429032951726608,0.004357971193827258,-0.002856592409826024,2e-05
2026-06-03,-0.01908061068701745,0.010126727371379483,0.0023943480127094244,2e-05
2026-06-04,0.012162382354217549,0.003060591929102172,-0.0008603946467425849,2e-05
2026-06-05,0.004674300455913627,-0.00014205431920407454,-0.014298100124274784,2e-05
2026-06-08,-0.008412181172411722,-0.013071102479133253,-0.0023735101597577115,2e-05
2026-06-09,-0.0030672053620567677,-0.012034682336260876,0.005444943200711892,2e-05
2026-06-10,-0.017708032833382063,0.0008764572213752138,-0.008359028783138399,2e-05
2026-06-11,-0.012004921533334854,-0.0020483760174270474,0.0006134560020777011,2e-05
2026-06-12,-0.006153736156285674,-0.006535011092912707,0.007976306070926436,2e-05
2026-06-15,0.015041049747361816,0.0004931954849803043,-0.0037530647650524033,2e-05
2026-06-16,-0.007374040690649708,0.0007907882050468576,6.074540213842931e-05,2e-05
2026-06-17,0.007982563911945106,0.005766495211241636,-0.006470081286139607,2e-05
2026-06-18,-0.006159794434338958,0.0009196136980762047,0.00818615570831786,2e-05
2026-06-19,0.0032753707302224985,0.0074703662100063075,-0.0003666631349830714,2e-05
2026-06-22,-0.0013967460257256262,0.0001479641772928802,0.00028313421397009077,2e-05
2026-06-23,0.010776679201112922,-0.0005920099688440166,0.0068215023275281115,2e-05
2026-06-24,-0.006117736058622695,0.006485873117483094,0.0033573919732274057,2e-05
2026-06-25,-0.01857033900002929,-0.005770645280248607,-0.004328143662483699,2e-05
2026-06-26,-0.016283388376363592,0.016986684719596967,-0.0031863896204365793,2e-05
2026-06-29,-0.006082529927313089,0.0023515448690004147,0.0025246565226164936,2e-05
2026-06-30,-0.014688719648136634,0.0023849755170260384,-0.0030706052753147,2e-05
2026-07-01,0.005222544188154615,0.003250575843835585,-0.010536216560602635,2e-05
2026-07-02,-0.005289217978296934,0.011362818851989854,-0.00021620399319538896,2e-05
2026-07-03,0.028795278600317182,0.00485504447003564,-0.0073510633056240475,2e-05
2026-07-06,-0.020552575141645584,-0.009530335874023542,0.00813140876781863,2e-05
2026-07-07,0.0027435981445176148,0.008520822308605026,0.0009339381888157635,2e-05
2026-07-08,-0.013235436282068028,-0.0019453794766701035,-0.004475875283717878,2e-05
2026-07-09,-0.005620816084592143,0.0007429304370359408,-0.0034431620733122686,2e-05
2026-07-10,0.00199703368008653,-0.007575523833051599,-0.009396987939369602,2e-05
2026-07-13,-0.027604456498491442,0.003257212108743374,-0.005447309433902519,2e-05
2026-07-14,0.0031419134014563296,-0.003808245740405314,0.005131616012703496,2e-05
2026-07-15,0.023134889547290014,0.0007010178279608425,0.011208930727461958,2e-05
2026-07-16,-0.0051412595804231145,-0.0016045940321646978,0.0036819825659947926,2e-05
2026-07-17,0.003417694281666114,0.01165007681041511,-0.00041021269310514584,2e-05
2026-07-20,0.012599060317504792,0.011993561800873537,-0.002109796878269583,2e-05
2026-07-21,-0.0016674420003239586,0.0003790790212884483,-0.004732479067881812,2e-05
2026-07-22,-0.006671522262377799,0.00048386626821312847,0.010348829496698703,2e-05
2026-07-23,-0.027008836844661026,-0.002140657798097091,-0.0008937435093218745,2e-05
2026-07-24,0.007991888632739681,0.006736037749016718,0.010628149150312521,2e-05
2026-07-27,-0.0010580209167467668,-0.0018735192220002631,0.007017597548050305,2e-05
2026-07-28,-0.011852206216657942,-0.002428023647874196,-0.008653982156731369,2e-05
2026-07-29,0.0018191605233323228,0.005971557181989787,-0.0032797619787964588,2e-05
2026-07-30,-0.0067041642816741765,-0.0031297945718998968,-0.0032952256208691115,2e-05
2026-07-31,-0.006041113573386308,-0.0001265302066911835,-0.0003492318205286973,2e-05
2026-08-03,0.007575493873304498,-0.009387864689065958,-0.0002515712655687674,2e-05
2026-08-04,-0.01576058893588613,0.004325142070739002,0.015031195476990713,2e-05
2026-08-05,0.012867783432885102,0.011745201635091213,-0.005336139372373794,2e-05
2026-08-06,-0.016472233957420843,0.004427352236798752,0.0011948496783219498,2e-05
2026-08-07,-0.0076524169002631665,0.00887079500528383,0.003132538712339016,2e-05
2026-08-10,0.02337535432879893,-0.004976612817063985,4.2139977654019086e-05,2e-05
2026-08-11,0.013828257139709067,0.0015179456921692043,0.0006009028889067901,2e-05
2026-08-12,0.0014712479099452823,-0.005558959546216337,-0.005174044471532936,2e-05
2026-08-13,-0.0109863625860146,-0.0012665932734880572,0.0005824309730134089,2e-05
2026-08-14,-0.006051267680398719,0.004733268864115029,0.0026069949808718595,2e-05
2026-08-17,0.0011793037750283568,0.0007109236786197918,0.001688002921355643,2e-05
2026-08-18,0.0007502787880751811,-0.00837584613560733,0.0029010045195604576,2e-05
2026-08-19,-0.0007904511555115543,-0.007790174633226521,0.00711303950318116,2e-05
2026-08-20,-6.9990169010212e-05,-0.008186983588944643,0.004734832709571708,2e-05
